FID,LLGNAME,Area,Shape_Area,ADM3_EN,ADM3_PCODE,ADM2_EN,ADM2_PCODE,ADM1_EN,ADM1_PCODE,ADM0_EN,ADM0_PCODE,Totpop2021_count,Totpop2021_sum,LLG,ADM3_EN_2,District,Province,x,y
,Moresby North East,81509283.206000000238419,81509283.2062203,Moresby North East,,Moresby North East,,National Capital District,,,,"183",170588.000000194,Moresby North East,Moresby North East,Moresby North East,National Capital District,147.2377716372,-9.4263910699
,Moresby North West,110109273.811000004410744,110109273.811219,Moresby North West,,Moresby North West,,National Capital District,,,,"178",210728.5366839,Moresby North West,Moresby North West,Moresby North West,National Capital District,147.1552759836,-9.4096279450
,Moresby South,74841484.878000006079674,74841484.8774475,Moresby South,,Moresby South,,National Capital District,,,,"124",132601.46331486,Moresby South,Moresby South,Moresby South,National Capital District,147.2212248777,-9.4884759706
,,,2716852045.38077,Afore Rural LLG,PG060103,Ijivitari District,PG0601,Northern (Oro) Province,PG06,Papua New Guinea,PG,"71",20908.91395075,Afore Rural,Afore Rural LLG,Ijivitari District,Northern (Oro),148.2684135174,-9.2555106976
,,,624989777.794519,Agarabi Rural LLG,PG110418,Kainanatu District,PG1104,Eastern Highlands Province,PG11,Papua New Guinea,PG,"79",29529.666012003,Agarabi Rural,Agarabi Rural LLG,Kainanatu District,Eastern Highlands,145.9110109669,-6.1658920407
,,,87468282.7443801,Ahi Rural LLG,PG120515,Lae District,PG1205,Morobe Province,PG12,Papua New Guinea,PG,"57",114071.9999926,Ahi Rural,Ahi Rural LLG,Lae District,Morobe,147.0261305586,-6.6801938470
,,,358140959.445218,Aiya Rural LLG,PG070332,Kagua/Erave District,PG0703,Southern Highlands Province,PG07,Papua New Guinea,PG,"143",49660.79817216,Aiya Rural,Aiya Rural LLG,Kagua/Erave District,Southern Highlands,143.7256232914,-6.3441830274
,,,181574668.697681,Albiges/Mablep Rural LLG,PG140310,Maprik District,PG1403,East Sepik Province,PG14,Papua New Guinea,PG,"41",20400.99999981,Albiges/Mablep Rural,Albiges/Mablep Rural LLG,Maprik District,East Sepik,142.9638865617,-3.5615532340
,,,1400365040.91704,Almami Rural LLG,PG130101,Bogia District,PG1301,Madang Province,PG13,Papua New Guinea,PG,"90",47731.00000056,Almami Rural,Almami Rural LLG,Bogia District,Madang,145.1886204129,-4.5075601537
,,,3570113.98490061,Alotau Urban LLG,PG050107,Alotau District,PG0501,Milne Bay Province,PG05,Papua New Guinea,PG,"23",17109.00000077,Alotau Urban,Alotau Urban LLG,Alotau District,Milne Bay Province,150.4464439514,-10.3051531939
,,,2499211846.11712,Amanab Rural LLG,PG150412,Vanimo/Green River District,PG1504,West Sepik (Sandaun) Province,PG15,Papua New Guinea,PG,"75",18766.00000011,Amanab Rural,Amanab Rural LLG,Vanimo/Green River District,West Sepik (Sandaun),141.3797739183,-3.5166343796
,,,3444189818.37592,Amazon Bay Rural LLG,PG030101,Abau District,PG0301,Central Province,PG03,Papua New Guinea,PG,"62",13463.999999681,Amazon Bay Rural,Amazon Bay Rural LLG,Abau District,Central,149.2858212161,-10.0827681620
,,,833256121.175019,Ambenob Rural LLG,PG130204,Madang District,PG1302,Madang Province,PG13,Papua New Guinea,PG,"142",107456.99999942,Ambenob Rural,Ambenob Rural LLG,Madang District,Madang,145.6852766474,-5.1586626067
,,,278454274.781572,Ambum Rural LLG,PG080203,Kompiam District,PG0802,Enga Province,PG08,Papua New Guinea,PG,"74",41894.39674408,Ambum Rural,Ambum Rural LLG,Kompiam District,Enga,143.6649415988,-5.3847098138
,,,3499589333.16239,Ambunti Rural LLG,PG140101,Ambunti/Drekikier District,PG1401,East Sepik Province,PG14,Papua New Guinea,PG,"75",27002.99999991,Ambunti Rural,Ambunti Rural LLG,Ambunti/Drekikier District,East Sepik,142.5644687176,-4.1647130883
,,,514668085.052791,Anglimp Rural LLG,PG220101,Anglimp/South Waghi District,PG2201,Jiwaka Province,PG22,Papua New Guinea,PG,"139",97008.9999987,Anglimp Rural,Anglimp Rural LLG,Anglimp/South Waghi District,Jiwaka,144.3933945879,-5.8993655684
,,,2657642220.18316,Angoram/Middle Sepik LLG,PG140205,Angoram District,PG1402,East Sepik Province,PG14,Papua New Guinea,PG,"53",38867.00000082,Angoram/Middle Sepik,Angoram/Middle Sepik LLG,Angoram District,East Sepik,143.6574601944,-4.1453917486
,,,2868730462.72481,Arabaka Rural LLG,PG130307,Middle Ramu District,PG1303,Madang Province,PG13,Papua New Guinea,PG,"114",47239.00000105,Arabaka Rural,Arabaka Rural LLG,Middle Ramu District,Madang,144.6374075305,-4.8734869259
,,,1845669749.96511,Arawa LLG,PG200208,Central Bougainville District,PG2002,Autonomous Region of Bougainville,PG20,Papua New Guinea,PG,"189",160276.000003,Arawa,Arawa LLG,Central Bougainville District,Bougainville,155.5335284089,-6.2996532393
,,,1472416738.15276,Aroma Rural LLG,PG030102,Abau District,PG0301,Central Province,PG03,Papua New Guinea,PG,"50",29612.00000186,Aroma Rural,Aroma Rural LLG,Abau District,Central,148.2432737993,-9.9609271475
,,,1689949960.56564,Astrolabe Bay Rural LLG,PG130410,Rai Coast District,PG1304,Madang Province,PG13,Papua New Guinea,PG,"58",39225.99999997,Astrolabe Bay Rural,Astrolabe Bay Rural LLG,Rai Coast District,Madang,145.7910732950,-5.5913649172
,,,18423199.1373575,Attols LLG,PG200106,North Bougainville District,PG2001,Autonomous Region of Bougainville,PG20,Papua New Guinea,PG,"12",2828.000000038,Attols,Attols LLG,North Bougainville District,Bougainville,157.4732788132,-4.2341630005
,,,18907455.485851,Aua Wuvulu LLG,PG160101,Manus District,PG1601,Manus Province,PG16,Papua New Guinea,PG,"7",1227.00000001,Aua Wuvulu,Aua Wuvulu LLG,Manus District,Manus,142.9142917623,-1.6541335241
,,,617121575.430125,Awi/Pori Rural LLG,PG210514,Koroba/Kopiago District,PG2105,Hela Province,PG21,Papua New Guinea,PG,"90",36814.00000022,Awi/Pori Rural,Awi/Pori Rural LLG,Koroba/Kopiago District,Hela,142.6868945720,-5.4983460344
,,,7368298022.75491,Baimuru Rural LLG,PG020207,Kikori District,PG0202,Gulf Province,PG02,Papua New Guinea,PG,"43",15727.00000063,Baimuru Rural,Baimuru Rural LLG,Kikori District,Gulf Province,145.0847293167,-7.2554025471
,,,915432733.361849,Baiyer Rural LLG,PG090509,Mul/Baiyer District,PG0905,Western Highlands Province,PG09,Papua New Guinea,PG,"63",70429.9999997299,Baiyer Rural,Baiyer Rural LLG,Mul/Baiyer District,Western Highlands,144.1916314279,-5.4626678664
,,,51968477.5724565,Balanataman Rural LLG,PG180415,Rabaul District,PG1804,East New Britain Province,PG18,Papua New Guinea,PG,"22",36933.0000014,Balanataman Rural,Balanataman Rural LLG,Rabaul District,East New Britain,152.1505393558,-4.2074689528
,,,95570074.7689037,Bali/Witu Rural LLG,PG190207,Talasea District,PG1902,West New Britain Province,PG19,Papua New Guinea,PG,"38",21414.00000148,Bali/Witu Rural,Bali/Witu Rural LLG,Talasea District,West New Britain,149.3590455738,-4.7458268080
,,,2450317.17822683,Balimo Urban LLG,PG010101,Middle Fly District,PG0101,Western Province,PG01,Papua New Guinea,PG,"6",10289.0000009,Balimo Urban LLG,Balimo Urban LLG,Middle Fly District,Western,142.9566566747,-8.0387086867
,,,45066528.4818679,Balopa LLG,PG160111,Manus District,PG1601,Manus Province,PG16,Papua New Guinea,PG,"15",3079.00000015,Balopa,Balopa LLG,Manus District,Manus,147.3280790312,-2.4468620294
,,,9936286141.51441,Bamu Rural LLG,PG010102,Middle Fly District,PG0101,Western Province,PG01,Papua New Guinea,PG,"54",20294.35426608,Bamu Rural LLG,Bamu Rural LLG,Delta Fly District,Western,143.1415784989,-7.5383769168
,,,460729027.71937,Bana LLG,PG200311,South Bougainville District,PG2003,Autonomous Region of Bougainville,PG20,Papua New Guinea,PG,"90",78808.00000112,Bana,Bana LLG,South Bougainville District,Bougainville,155.4068000223,-6.4716622473
,,,3913560636.27104,Bewani/Wutung Onei Rural LLG,PG150413,Vanimo/Green River District,PG1504,West Sepik (Sandaun) Province,PG15,Papua New Guinea,PG,"62",36200.00000031,Bewani/Wutung Onei Rural,Bewani/Wutung Onei Rural LLG,Vanimo/Green River District,West Sepik (Sandaun),141.3408339584,-2.9263707822
,,,2574169995.84898,Bialla Rural LLG,PG190206,Talasea District,PG1902,West New Britain Province,PG19,Papua New Guinea,PG,"101",80504.00000038,Bialla Rural,Bialla Rural LLG,Nakanai District,West New Britain,151.0319665679,-5.3832649032
,,,273194875.469844,Bisikani/Soparibeu LLG,PG160103,Manus District,PG1601,Manus Province,PG16,Papua New Guinea,PG,"16",7039.00000013,Bisikani/Soparibeu,Bisikani/Soparibeu LLG,Manus District,Manus,146.6175676460,-2.0751002963
,,,163665651.869222,Bitapaka Rural LLG,PG180206,Kokopo District,PG1802,East New Britain Province,PG18,Papua New Guinea,PG,"49",33229.99999995,Bitapaka Rural,Bitapaka Rural LLG,Kokopo District,East New Britain,152.3262117552,-4.4139371923
,,,964082874.093621,Boikin/Dagua Rural LLG,PG140414,Wewak District,PG1404,East Sepik Province,PG14,Papua New Guinea,PG,"66",22348.99999994,Boikin/Dagua Rural,Boikin/Dagua Rural LLG,Wewak District,East Sepik,143.2977764232,-3.4881965118
,,,294531272.268827,Bomai/Gumai Rural LLG,PG100204,Gumine District,PG1002,Chimbu (Simbu) Province,PG10,Papua New Guinea,PG,"41",12373.00000008,Bomai/Gumai Rural,Bomai/Gumai Rural LLG,Gumine District,Chimbu (Simbu),144.8122707657,-6.1526056932
,,,557221588.748415,Buang Rural LLG,PG120129,Bulolo District,PG1201,Morobe Province,PG12,Papua New Guinea,PG,"28",13209.99999995,Buang Rural,Buang Rural LLG,Bulolo District,Morobe,146.7696410352,-6.9115882397
,,,1439612217.1519,Buin LLG,PG200309,South Bougainville District,PG2003,Autonomous Region of Bougainville,PG20,Papua New Guinea,PG,"111",93583.00000046,Buin,Buin LLG,South Bougainville District,Bougainville,155.7268587791,-6.6754314608
,,,611888091.965383,Buka LLG,PG200104,North Bougainville District,PG2001,Autonomous Region of Bougainville,PG20,Papua New Guinea,PG,"58",96375.0000002,Buka,Buka LLG,North Bougainville District,Bougainville,154.6251907407,-5.2203159133
,,,165535903.03819,Bumbita/Muhian Rural LLG,PG140311,Maprik District,PG1403,East Sepik Province,PG14,Papua New Guinea,PG,"40",24045.0000002,Bumbita/Muhian Rural,Bumbita/Muhian Rural LLG,Maprik District,East Sepik,142.9029139673,-3.6542835217
,,,2343604943.34966,Bundi Rural LLG,PG130615,Usino Bundi District,PG1306,Madang Province,PG13,Papua New Guinea,PG,"62",26524.00000077,Bundi Rural,Bundi Rural LLG,Usino Bundi District,Madang,145.1794582668,-5.6691942026
,,,845719446.737402,Burui/Kunai Rural LLG,PG140519,Wosera Gawi District,PG1405,East Sepik Province,PG14,Papua New Guinea,PG,"42",20197.00000026,Burui/Kunai Rural,Burui/Kunai Rural LLG,Wosera Gawi District,East Sepik,143.1210555397,-3.9949850695
,,,1029970975.26846,Burum Kwat LLG,PG120206,Finschafen District,PG1202,Morobe Province,PG12,Papua New Guinea,PG,"54",12061.55598105,Hube Rural,Burum Kwat LLG,Finschafen District,Morobe,147.3619972643,-6.5142024772
,,,409084034.382473,Bwanabwana Rural LLG,PG050208,Samarai-Murua District,PG0502,Milne Bay Province,PG05,Papua New Guinea,PG,"35",20657.9999996,Bwanabwana Rural,Bwanabwana Rural LLG,Samarai-Murua District,Milne Bay Province,150.8293629871,-10.6018017144
,,,134120025.613911,Central Gazelle Rural LLG,PG180101,Gazelle District,PG1801,East New Britain Province,PG18,Papua New Guinea,PG,"31",45639.00000227,Central Gazelle Rural,Central Gazelle Rural LLG,Gazelle District,East New Britain,152.0801726595,-4.3147416392
,,,1099831780.66122,Central Kerema Rural LLG,PG020101,Kerema District,PG0201,Gulf Province,PG02,Papua New Guinea,PG,"47",26704.99999898,Central Kerema Rural,Central Kerema Rural LLG,Kerema District,Gulf Province,145.9241053596,-7.9150794515
,,,4316371455.86855,Central/Inland Pomio LLG,PG180310,Pomio District,PG1803,East New Britain Province,PG18,Papua New Guinea,PG,"98",26014.00000042,Central/Inland Pomio,Central/Inland Pomio LLG,Pomio District,East New Britain,151.5319453941,-5.3091773175
,,,143534768.851055,Chuave Rural LLG,PG100101,Chuave District,PG1001,Chimbu (Simbu) Province,PG10,Papua New Guinea,PG,"50",24855.9999995,Chuave Rural,Chuave Rural LLG,Chuave District,Chimbu (Simbu),145.1057028555,-6.1169554053
,,,2149715585.73262,Cloudy Bay Rural LLG,PG030103,Abau District,PG0301,Central Province,PG03,Papua New Guinea,PG,"56",14466.00000053,Cloudy Bay Rural,Cloudy Bay Rural LLG,Abau District,Central,148.6688887576,-10.0527735040
,,,640037698.356982,Daga Rural LLG,PG050102,Alotau District,PG0501,Milne Bay Province,PG05,Papua New Guinea,PG,"31",12131.99999985,Daga Rural,Daga Rural LLG,Alotau District,Milne Bay Province,149.4721751115,-9.8919901581
,,,19591969.0363493,Daru Urban LLG,PG010311,South Fly District,PG0103,Western Province,PG01,Papua New Guinea,PG,"32",19397.00000055,Daru Urban LLG,Daru Urban LLG,South Fly District,Western,143.2070434764,-9.0830315247
,,,278630012.357807,Dei Rural LLG,PG090203,Dei District,PG0902,Western Highlands Province,PG09,Papua New Guinea,PG,"118",53868.51394833,Dei Rural,Dei Rural LLG,Dei District,Western Highlands,144.2889496342,-5.6835460960
,,,827751340.597875,Deyamos Rural LLG,PG120412,Kabwum District,PG1204,Morobe Province,PG12,Papua New Guinea,PG,"64",17842.99999984,Deyamos Rural,Deyamos Rural LLG,Kabwum District,Morobe,147.0101537014,-6.1563916269
,,,902799435.000573,Dobu Rural LLG,PG050415,Esa'ala District,PG0504,Milne Bay Province,PG05,Papua New Guinea,PG,"40",61274.0000001,Dobu Rural,Dobu Rural LLG,Esa'ala District,Milne Bay Province,150.8232866023,-9.6331518362
,,,653279520.432123,Dreikikier Rural LLG,PG140102,Ambunti/Drekikier District,PG1401,East Sepik Province,PG14,Papua New Guinea,PG,"111",36668.000002,Dreikikier Rural,Dreikikier Rural LLG,Ambunti/Drekikier District,East Sepik,142.7498894541,-3.5457413814
,,,660532324.68078,Duau Rural LLG,PG050416,Esa'ala District,PG0504,Milne Bay Province,PG05,Papua New Guinea,PG,"30",34739.9999978,Duau Rural,Duau Rural LLG,Esa'ala District,Milne Bay Province,151.1147043629,-10.0363966578
,,,64252210.6190249,Duke of York Rural LLG,PG180207,Kokopo District,PG1802,East New Britain Province,PG18,Papua New Guinea,PG,"24",19947.9999993,Duke of York Rural,Duke of York Rural LLG,Kokopo District,East New Britain,152.4493043756,-4.1756967238
,,,508179723.044777,Dunantina Rural LLG,PG110315,Henganofi District,PG1103,Eastern Highlands Province,PG11,Papua New Guinea,PG,"198",39806.75853754,Dunantina Rural,Dunantina Rural LLG,Henganofi District,Eastern Highlands,145.6973099491,-6.1008530038
,,,2135679781.04005,East Aitape Rural LLG,PG150101,Aitape/Lumi District,PG1501,West Sepik (Sandaun) Province,PG15,Papua New Guinea,PG,"78",54713.9999988,East Aitape Rural,East Aitape Rural LLG,Aitape/Lumi District,West Sepik (Sandaun),142.5727912137,-3.3317785315
,,,577953310.229767,East Kerema Rural LLG,PG020102,Kerema District,PG0201,Gulf Province,PG02,Papua New Guinea,PG,"33",19633.99999919,East Kerema Rural,East Kerema Rural LLG,Kerema District,Gulf Province,146.3052674770,-8.3213254615
,,,5546095774.11624,East Kikori Rural LLG,PG020208,Kikori District,PG0202,Gulf Province,PG02,Papua New Guinea,PG,"49",19129.00000041,East Kikori Rural,East Kikori Rural LLG,Kikori District,Gulf Province,144.4887228307,-7.1269543426
,,,1287917938.17104,East Okapa Rural LLG,PG110710,Okapa District,PG1107,Eastern Highlands Province,PG11,Papua New Guinea,PG,"113",29966.92629988,East Okapa Rural,East Okapa Rural LLG,Okapa District,Eastern Highlands,145.5965221497,-6.6359789187
,,,903803536.854898,East Pangia Rural LLG,PG070101,Ialibu/Pangia District,PG0701,Southern Highlands Province,PG07,Papua New Guinea,PG,"85",29204.99999982,East Pangia Rural,East Pangia Rural LLG,Ialibu/Pangia District,Southern Highlands,144.2235303353,-6.3151118673
,,,1514622822.50078,East Pomio Rural LLG,PG180311,Pomio District,PG1803,East New Britain Province,PG18,Papua New Guinea,PG,"30",8706.99999999,East Pomio Rural,East Pomio Rural LLG,Pomio District,East New Britain,151.9184352628,-5.1745107092
,,,828797022.262509,East Wapei Rural LLG,PG150102,Aitape/Lumi District,PG1501,West Sepik (Sandaun) Province,PG15,Papua New Guinea,PG,"53",16955.99999977,East Wapei Rural,East Wapei Rural LLG,Aitape/Lumi District,West Sepik (Sandaun),141.9220363868,-3.5939047874
,,,775128509.92328,East Yangoru Rural LLG,PG140623,Yangoru Saussia District,PG1406,East Sepik Province,PG14,Papua New Guinea,PG,"49",22909,East Yangoru Rural,East Yangoru Rural LLG,Yangoru Saussia District,East Sepik,143.2974910229,-3.8000335064
,,,222619783.722231,Elimbari Rural LLG,PG100102,Chuave District,PG1001,Chimbu (Simbu) Province,PG10,Papua New Guinea,PG,"65",18574.90375599,Elimbari Rural,Elimbari Rural LLG,Chuave District,Chimbu (Simbu),145.1294972713,-6.2564152447
,,,2429995734.87815,Erave Rural LLG,PG070308,Kagua/Erave District,PG0703,Southern Highlands Province,PG07,Papua New Guinea,PG,"104",23814.000000132,Erave Rural,Erave Rural LLG,Kagua/Erave District,Southern Highlands,144.0715508354,-6.6772445933
,,,252860265.961952,Fayantina Rural LLG,PG110316,Henganofi District,PG1103,Eastern Highlands Province,PG11,Papua New Guinea,PG,"138",27210.936217905,Fayantina Rural,Fayantina Rural LLG,Henganofi District,Eastern Highlands,145.5427264269,-6.3316206747
,,,18845809.0267317,Finschafen Urban LLG,PG120233,Finschafen District,PG1202,Morobe Province,PG12,Papua New Guinea,PG,"9",5746.9061324,Finschafen Urban,Finschafen Urban LLG,Finschafen District,Morobe,147.8413475464,-6.6130953860
,,,936343959.830259,Gadsup/Tairora Rural LLG,PG110419,Kainanatu District,PG1104,Eastern Highlands Province,PG11,Papua New Guinea,PG,"123",31888.951191556,Gadsup/Tairora Rural,Gadsup/Tairora Rural LLG,Kainanatu District,Eastern Highlands,145.9672159692,-6.3816345987
,,,175199004.314538,Gahuku Rural LLG,PG110202,Goroka District,PG1102,Eastern Highlands Province,PG11,Papua New Guinea,PG,"286",109275.26657135,Gahuku Rural,Gahuku Rural LLG,Goroka District,Eastern Highlands,145.4114401637,-6.0524339739
,,,1934769269.90676,Gama Rural LLG,PG130619,Usino Bundi District,PG1306,Madang Province,PG13,Papua New Guinea,PG,"23",15101.24835558,Gama  Rural,Gama Rural LLG,Usino Bundi District,Madang,144.9254035918,-5.2187919417
,,,3414276880.46264,Gasmata Rural LLG,PG190101,Kandrian/Gloucester District,PG1901,West New Britain Province,PG19,Papua New Guinea,PG,"42",12766.99999987,Gasmata Rural,Gasmata Rural LLG,Kandrian/Gloucester District,West New Britain,150.2641042951,-6.0714023313
,,,477345611.028178,Gawanga Rural LLG,PG140103,Ambunti/Drekikier District,PG1401,East Sepik Province,PG14,Papua New Guinea,PG,"30",28569.00000014,Gawanga Rural,Gawanga Rural LLG,Ambunti/Drekikier District,East Sepik,142.7350264718,-3.7310772916
,,,1384884781.60408,Gawi Rural LLG,PG140520,Wosera Gawi District,PG1405,East Sepik Province,PG14,Papua New Guinea,PG,"41",15790.00000039,Gawi Rural,Gawi Rural LLG,Wosera Gawi District,East Sepik,143.1213347161,-4.2374418102
,,,183272215.080228,Gena/Waugla Rural LLG,PG100410,Kerowagi District,PG1004,Chimbu (Simbu) Province,PG10,Papua New Guinea,PG,"81",38515.0000012,Gena/Waugla Rural,Gena/Waugla Rural LLG,Kerowagi District,Chimbu (Simbu),144.9226406548,-5.9158629732
,,,1411109844.59223,Gloucester Rural LLG,PG190102,Kandrian/Gloucester District,PG1901,West New Britain Province,PG19,Papua New Guinea,PG,"61",16184.00000004,Gloucester Rural,Gloucester Rural LLG,Kandrian/Gloucester District,West New Britain,148.5383319498,-5.6138256199
,,,7634217254.5421,Gogodala Rural LLG,PG010103,Middle Fly District,PG0101,Western Province,PG01,Papua New Guinea,PG,"70",49798.0000005,Gogodala Rural LLG,Gogodala Rural LLG,Delta Fly District,Western,142.7005769235,-8.0560247659
,,,705194032.939433,Goodenough Island LLG,PG050313,Kiriwina-Goodenough District,PG0503,Milne Bay Province,PG05,Papua New Guinea,PG,"39",46833.3033691,Goodenough Isla,Goodenough Island LLG,Kiriwina-Goodenough District,Milne Bay Province,150.2417863773,-9.3489893760
,,,6843310.79233111,Goroka Urban LLG,PG110203,Goroka District,PG1102,Eastern Highlands Province,PG11,Papua New Guinea,PG,"61",31865.9999993,Goroka Urban,Goroka Urban LLG,Goroka District,Eastern Highlands,145.3907640140,-6.0770959949
,,,4339746907.34354,Green River Rural LLG,PG150414,Vanimo/Green River District,PG1504,West Sepik (Sandaun) Province,PG15,Papua New Guinea,PG,"70",23756.99999991,Green River Rural,Green River Rural LLG,Vanimo/Green River District,West Sepik (Sandaun),141.3601694074,-3.9108588432
,,,2908993475.06899,Guari Rural LLG,PG030204,Goilala District,PG0302,Central Province,PG03,Papua New Guinea,PG,"59",5673.99999983,Guari Rural,Guari Rural LLG,Goilala District,Central,146.6853920172,-8.0993254078
,,,335275192.266268,Gumine Rural LLG,PG100205,Gumine District,PG1002,Chimbu (Simbu) Province,PG10,Papua New Guinea,PG,"51",26295.00000033,Gumine Rural,Gumine Rural LLG,Gumine District,Chimbu (Simbu),144.8366418023,-6.2628470020
,,,235222540.322624,Hayapuga Rural LLG,PG210827,Tari/Pori District,PG2108,Hela Province,PG21,Papua New Guinea,PG,"21",75061.999998,Hayapuga Rural,Hayapuga Rural LLG,Tari/Pori District,Hela,142.8744125955,-5.9124104941
,,,919644032.230496,Higaturu Rural LLG,PG060206,Sohe District,PG0602,Northern (Oro) Province,PG06,Papua New Guinea,PG,"190",72266.00000141,Higaturu Rural,Higaturu Rural LLG,Sohe District,Northern (Oro),148.0958211190,-8.7392939213
,,,1637310847.34864,Hiri Rural LLG,PG030307,Kairuku - Hiri District,PG0303,Central Province,PG03,Papua New Guinea,PG,"77",73266.00000079,Hiri Rural,Hiri Rural LLG,Hiri-Koiari District,Central,147.1471604559,-9.2602340452
,,,581232959.947188,Hoskins Rural LLG,PG190208,Talasea District,PG1902,West New Britain Province,PG19,Papua New Guinea,PG,"45",42579.00000142,Hoskins Rural,Hoskins Rural LLG,Nakanai District,West New Britain,150.4747722361,-5.5403654225
,,,281955182.824256,Hube Rural LLG,PG120232,Finschafen District,PG1202,Morobe Province,PG12,Papua New Guinea,PG,"51",20319.727813453,Burum Kwat,Hube Rural LLG,Finschafen District,Morobe,147.5216204454,-6.4169240204
,,,1476090490.74512,Huhu Rural LLG,PG050105,Alotau District,PG0501,Milne Bay Province,PG05,Papua New Guinea,PG,"80",67852.99999672,Huhu Rural,Huhu Rural LLG,Alotau District,Milne Bay Province,150.3220031769,-10.3875901831
,,,1115702547.80116,Hulia Rural LLG,PG210411,Komo/Magarima District,PG2104,Hela Province,PG21,Papua New Guinea,PG,"72",121413.99999841,Hulia Rural,Hulia Rural LLG,Hulia District,Hela,143.0402780412,-6.0887775086
,,,84039912.4077646,Iabu Rural LLG,PG130102,Bogia District,PG1301,Madang Province,PG13,Papua New Guinea,PG,"19",6279.99999981,Iabu Rural,Iabu Rural LLG,Bogia District,Madang,145.0334965234,-4.0763124888
,,,330444988.769912,Ialibu Basin Rural LLG,PG070205,Imbonggu District,PG0702,Southern Highlands Province,PG07,Papua New Guinea,PG,"91",35563.99999973,Ialibu Basin Rural,Ialibu Basin Rural LLG,Imbonggu District,Southern Highlands,143.9659623990,-6.1696134461
,,,32269786.6290464,Ialibu Urban LLG,PG070102,Ialibu/Pangia District,PG0701,Southern Highlands Province,PG07,Papua New Guinea,PG,"33",18320.00000031,Ialibu Urban,Ialibu Urban LLG,Ialibu/Pangia District,Southern Highlands,143.9630516390,-6.2661205717
,,,3352027534.23414,Ihu Rural LLG,PG020209,Kikori District,PG0202,Gulf Province,PG02,Papua New Guinea,PG,"70",23883.00000015,Ihu Rural,Ihu Rural LLG,Kikori District,Gulf Province,145.4996213614,-7.5855979559
,,,461316085.258503,Imbongu Rural LLG,PG070206,Imbonggu District,PG0702,Southern Highlands Province,PG07,Papua New Guinea,PG,"41",49374.0000011,Imbongu Rural,Imbongu Rural LLG,Imbonggu District,Southern Highlands,144.0878306112,-6.1274907675
,,,942446790.317339,Inland Baining Rural LLG,PG180102,Gazelle District,PG1801,East New Britain Province,PG18,Papua New Guinea,PG,"55",38982.99999876,Inland Baining Rural,Inland Baining Rural LLG,Gazelle District,East New Britain,151.9360877685,-4.4464843204
,,,1585948849.0143,Jimi Rural LLG,PG220406,Jimi District,PG2204,Jiwaka Province,PG22,Papua New Guinea,PG,"69",46549.9999998,Jimi Rural,Jimi Rural LLG,Jimi District,Jiwaka,144.5409916866,-5.4935853147
,,,2641987263.03312,Josephstaal Rural LLG,PG130308,Middle Ramu District,PG1303,Madang Province,PG13,Papua New Guinea,PG,"94",30537.99999992,Josephstaal Rural,Josephstaal Rural LLG,Middle Ramu District,Madang,145.0867210967,-4.8258208163
,,,279944725.017246,Kafentina Rural LLG,PG110304,Henganofi District,PG1103,Eastern Highlands Province,PG11,Papua New Guinea,PG,"143",36443.30524484,Kafentina Rural,Kafentina Rural LLG,Henganofi District,Eastern Highlands,145.6862149607,-6.2545774995
,,,456983824.237848,Kagua Rural LLG,PG070309,Kagua/Erave District,PG0703,Southern Highlands Province,PG07,Papua New Guinea,PG,"86",40856.20182813,Kagua Rural,Kagua Rural LLG,Kagua/Erave District,Southern Highlands,143.8461959715,-6.4455235985
,,,2964999.33327938,Kainantu Urban LLG,PG110406,Kainanatu District,PG1104,Eastern Highlands Province,PG11,Papua New Guinea,PG,"31",15138.00000032,Kainantu Urban,Kainantu Urban LLG,Kainanatu District,Eastern Highlands,145.8646130242,-6.2903717084
,,,598563959.313243,Kaintiba Rural LLG,PG020103,Kerema District,PG0201,Gulf Province,PG02,Papua New Guinea,PG,"49",16204.99999977,Kaintiba Rural,Kaintiba Rural LLG,Kerema District,Gulf Province,146.0306742667,-7.5248706019
,,,1730343499.93731,Kairuku Rural LLG,PG030308,Kairuku - Hiri District,PG0303,Central Province,PG03,Papua New Guinea,PG,"105",33438.99999941,Kairuku Rural,Kairuku Rural LLG,Kairuku - Hiri District,Central,146.7984031386,-8.9036091912
,,,138000861.900957,Kamano No. 1 Rural LLG,PG110417,Kainanatu District,PG1104,Eastern Highlands Province,PG11,Papua New Guinea,PG,"43",17676.66797578,Kamano No. 1 Rural,Kamano No. 1 Rural LLG,Kainanatu District,Eastern Highlands,145.8027534697,-6.2757039408
,,,236116144.550095,Kamano No. 2 Rural LLG,PG110405,Kainanatu District,PG1104,Eastern Highlands Province,PG11,Papua New Guinea,PG,"51",13302.71482068,Kamano No. 2 Rural,Kamano No. 2 Rural LLG,Kainanatu District,Eastern Highlands,145.7080943460,-6.3866699507
,,,858714115.16245,Kandep Rural LLG,PG080101,Kandep District,PG0801,Enga Province,PG08,Papua New Guinea,PG,"68",44214.99999953,Kandep Rural,Kandep Rural LLG,Kandep District,Enga,143.5824222516,-5.8053985718
,,,2264485703.93822,Kandrian Coastal Rural LLG,PG190103,Kandrian/Gloucester District,PG1901,West New Britain Province,PG19,Papua New Guinea,PG,"57",18582.0000003,Kandrian Coastal Rural,Kandrian Coastal Rural LLG,Kandrian/Gloucester District,West New Britain,149.0182579592,-5.9118474844
,,,2523429276.26835,Kandrian Inland Rural LLG,PG190104,Kandrian/Gloucester District,PG1901,West New Britain Province,PG19,Papua New Guinea,PG,"80",21249.99999974,Kandrian Inland Rural,Kandrian Inland Rural LLG,Kandrian/Gloucester District,West New Britain,149.5803382179,-5.9991014190
,,,1472050504.23499,Kapao Rural LLG,PG120730,Menyamya District,PG1207,Morobe Province,PG12,Papua New Guinea,PG,"66",44199.8645962,Kapao Rural,Kapao Rural LLG,Menyamya District,Morobe,146.3480745982,-7.3861296152
,,,7649558374.95,Karawari Rural LLG,PG140206,Angoram District,PG1402,East Sepik Province,PG14,Papua New Guinea,PG,"59",27051.00000025,Karawari Rural,Karawari Rural LLG,Angoram District,East Sepik,143.3139888232,-4.7578441769
,,,3012782256.79177,Karimui Rural LLG,PG100307,Karimui/Nomane District,PG1003,Chimbu (Simbu) Province,PG10,Papua New Guinea,PG,"86",38585.99999944,Karimui Rural,Karimui Rural LLG,Karimui/Nomane District,Chimbu (Simbu),144.8650284766,-6.5821463350
,,,191417754.017529,Karints Rural LLG,PG070618,Mendi/Munihu District,PG0706,Southern Highlands Province,PG07,Papua New Guinea,PG,"72",40740.00000067,Karints Rural,Karints Rural LLG,Mendi/Munihu District,Southern Highlands,143.6057793475,-6.0250910862
,,,434921163.247145,Karkar Rural LLG,PG130513,Sumkar District,PG1305,Madang Province,PG13,Papua New Guinea,PG,"107",67990.9999998,Karkar Rural,Karkar Rural LLG,Sumkar District,Madang,145.9946165467,-4.6568384672
,,,22642019.3208197,Kavieng Urban LLG,PG170104,Kavieng District,PG1701,New Ireland Province,PG17,Papua New Guinea,PG,"53",22725.0000003,Kavieng Urban,Kavieng Urban LLG,Kavieng District,New Ireland,150.8095708936,-2.5834056913
,,,3430722753.59176,Keram Rural LLG,PG140207,Angoram District,PG1402,East Sepik Province,PG14,Papua New Guinea,PG,"71",35462.00000009,Keram Rural,Keram Rural LLG,Angoram District,East Sepik,144.1393811442,-4.5177322335
,,,1764278.54983358,Kerema Urban LLG,PG020104,Kerema District,PG0201,Gulf Province,PG02,Papua New Guinea,PG,"12",8527.0000004,Kerema Urban,Kerema Urban LLG,Kerema District,Gulf Province,145.7718297450,-7.9636207390
,,,2099138.45655351,Kerowagi Urban LLG,PG100420,Kerowagi District,PG1004,Chimbu (Simbu) Province,PG10,Papua New Guinea,PG,"7",7911.2046412,Kerowagi Urban,Kerowagi Urban LLG,Kerowagi District,Chimbu (Simbu),144.8571204284,-5.8972424887
,,,256142695.530063,Kewabi Rural LLG,PG070103,Ialibu/Pangia District,PG0701,Southern Highlands Province,PG07,Papua New Guinea,PG,"124",38309.00000091,Kewabi Rural,Kewabi Rural LLG,Ialibu/Pangia District,Southern Highlands,143.9066663786,-6.2989551417
,,,5087175.18751138,Kimbe Urban LLG,PG190209,Talasea District,PG1902,West New Britain Province,PG19,Papua New Guinea,PG,"32",23931.99999943,Kimbe Urban,Kimbe Urban LLG,Talasea District,West New Britain,150.1469790959,-5.5548880922
,,,1330408946.01902,Kira Rural LLG,PG060208,Sohe District,PG0602,Northern (Oro) Province,PG06,Papua New Guinea,PG,"30",3583.00000014,Kira Rural,Kira Rural LLG,Sohe District,Northern (Oro),147.3389612460,-8.1127416543
,,,382739490.690434,Kiriwina Rural LLG,PG050312,Kiriwina-Goodenough District,PG0503,Milne Bay Province,PG05,Papua New Guinea,PG,"99",51879.99999973,Kiriwina Rural,Kiriwina Rural LLG,Kiriwina-Goodenough District,Milne Bay Province,151.0722125894,-8.5653621088
,,,7429425752.55897,Kiunga Rural LLG,PG010206,North Fly District,PG0102,Western Province,PG01,Papua New Guinea,PG,"75",23548.99999995,Kiunga Rural LLG,Kiunga Rural LLG,North Fly District,Western,141.4100541711,-6.0940762412
,,,17051797.1655734,Kiunga Urban LLG,PG010207,North Fly District,PG0102,Western Province,PG01,Papua New Guinea,PG,"15",26777.9999996,Kiunga Urban LLG,Kiunga Urban LLG,North Fly District,Western,141.2910105177,-6.1207660027
,,,2096379294.7323,Kiwai Rural LLG,PG010312,South Fly District,PG0103,Western Province,PG01,Papua New Guinea,PG,"51",27533.000000225,Kiwai Rural LLG,Kiwai Rural LLG,South Fly District,Western,143.3021708101,-8.6235700413
,,,3457503968.91353,Koiari Rural LLG,PG030309,Kairuku - Hiri District,PG0303,Central Province,PG03,Papua New Guinea,PG,"117",32043.00000101,Koiari Rural,Koiari Rural LLG,Hiri-Koiari District,Central,147.4902526317,-9.1964953680
,,,3218363240.361,Kokoda Rural LLG,PG060205,Sohe District,PG0602,Northern (Oro) Province,PG06,Papua New Guinea,PG,"118",29702.00000018,Kokoda Rural,Kokoda Rural LLG,Sohe District,Northern (Oro),147.8164453918,-8.9279293933
,,,134898791.820528,Kokopo/Vunamami Urban LLG,PG180208,Kokopo District,PG1802,East New Britain Province,PG18,Papua New Guinea,PG,"46",40231.00000126,Kokopo/Vunamami Urban,Kokopo/Vunamami Urban LLG,Kokopo District,East New Britain,152.2500812667,-4.3835590094
,,,586692500.425315,Kol Rural LLG,PG220407,Jimi District,PG2204,Jiwaka Province,PG22,Papua New Guinea,PG,"58",19964.00000029,Kol Rural,Kol Rural LLG,Jimi District,Jiwaka,144.8581003549,-5.6979662837
,,,1090031320.9703,Komba Rural LLG,PG120431,Kabwum District,PG1204,Morobe Province,PG12,Papua New Guinea,PG,"35",12971.00000044,Komba Rural,Komba Rural LLG,Kabwum District,Morobe,147.3503515002,-6.2479848269
,,,26322087.7857665,Kombiu Rural LLG,PG180416,Rabaul District,PG1804,East New Britain Province,PG18,Papua New Guinea,PG,"21",18356.0000003,Kombiu Rural,Kombiu Rural LLG,Rabaul District,East New Britain,152.2036178734,-4.2083091191
,,,1071998668.55182,Kome Rural LLG,PG120721,Menyamya District,PG1207,Morobe Province,PG12,Papua New Guinea,PG,"94",38550.9999995,Kome Rural,Kome Rural LLG,Menyamya District,Morobe,145.9877853819,-7.0713221544
,,,1041310518.45332,Komo Rural LLG,PG210412,Komo/Magarima District,PG2104,Hela Province,PG21,Papua New Guinea,PG,"51",86355.9999986,Komo Rural,Komo Rural LLG,Hulia District,Hela,142.7920653253,-6.0962041825
,,,1914266366.12093,Kompiam Rural LLG,PG080204,Kompiam District,PG0802,Enga Province,PG08,Papua New Guinea,PG,"81",35641.06597679,Kompiam Rural,Kompiam Rural LLG,Kompiam District,Enga,143.8481298003,-5.2781060799
,,,3127196320.38321,Konoagil Rural LLG,PG170207,Namatanai District,PG1702,New Ireland Province,PG17,Papua New Guinea,PG,"52",16734.29743873,Konoagil Rural,Konoagil Rural LLG,Namatanai District,New Ireland,152.8598698493,-4.3833669027
,,,2237618498.67825,Kotidanga Rural LLG,PG020105,Kerema District,PG0201,Gulf Province,PG02,Papua New Guinea,PG,"54",29197.99999871,Kotidanga Rural,Kotidanga Rural LLG,Kerema District,Gulf Province,145.8213515552,-7.5240162116
,,,484899147.304291,Kotna Rural LLG,PG090214,Dei District,PG0902,Western Highlands Province,PG09,Papua New Guinea,PG,"175",53749.48605125,Kotna Rural,Kotna Rural LLG,Dei District,Western Highlands,144.3887333488,-5.6239358828
,,,390098524.415372,Kotte Rural LLG,PG120207,Finschafen District,PG1202,Morobe Province,PG12,Papua New Guinea,PG,"48",16905.99999994,Kotte Rural,Kotte Rural LLG,Finschafen District,Morobe,147.7391787691,-6.4339182539
,,,3583690595.64447,Kove/Kaliai Rural LLG,PG190105,Kandrian/Gloucester District,PG1901,West New Britain Province,PG19,Papua New Guinea,PG,"76",27080.00000006,Kove/Kaliai Rural,Kove/Kaliai Rural LLG,Kandrian/Gloucester District,West New Britain,149.3532701108,-5.6847347319
,,,1686134262.0172,Kovon LLG,PG130317,Middle Ramu District,PG1303,Madang Province,PG13,Papua New Guinea,PG,"17",21943.0000023,Kovon,Kovon LLG,Middle Ramu District,Madang,144.2919299283,-5.0537022069
,,,363957650.680146,Kuare Rural LLG,PG070310,Kagua/Erave District,PG0703,Southern Highlands Province,PG07,Papua New Guinea,PG,"92",28145.99999983,Kuare Rural,Kuare Rural LLG,Kagua/Erave District,Southern Highlands,144.0258523782,-6.5262193802
,,,3509371.47725858,Kundiawa Urban LLG,PG100513,Kundiawa/Gembogl District,PG1005,Chimbu (Simbu) Province,PG10,Papua New Guinea,PG,"29",24414.0000002,Kundiawa Urban,Kundiawa Urban LLG,Kundiawa/Gembogl District,Chimbu (Simbu),144.9689139223,-6.0203771116
,,,1052181107.70435,Kunua LLG,PG200102,North Bougainville District,PG2001,Autonomous Region of Bougainville,PG20,Papua New Guinea,PG,"53",32017.000001,Kunua,Kunua LLG,North Bougainville District,Bougainville,154.8506979004,-5.8735144497
,,,196194442.907221,Kup Rural LLG,PG100412,Kerowagi District,PG1004,Chimbu (Simbu) Province,PG10,Papua New Guinea,PG,"36",21917.00000011,Kup Rural,Kup Rural LLG,Kerowagi District,Chimbu (Simbu),144.7969878120,-6.0265883041
,,,838209182.453369,Labuta Rural LLG,PG120823,Nawae District,PG1208,Morobe Province,PG12,Papua New Guinea,PG,"33",24544.99999925,Labuta Rural,Labuta Rural LLG,Nawae District,Morobe,147.2634703190,-6.6403002956
,,,43424304.7148501,Lae Urban LLG,PG120516,Lae District,PG1205,Morobe Province,PG12,Papua New Guinea,PG,"185",110910.99999638,Lae Urban,Lae Urban LLG,Lae District,Morobe,146.9843509063,-6.7001359490
,,,681284736.585387,Lagaip Rural LLG,PG080306,Lagaip/Pogera District,PG0803,Enga Province,PG08,Papua New Guinea,PG,"41",38353.33161933,Lagaip Rural,Lagaip Rural LLG,Laigap District,Enga,143.3846247468,-5.4799183026
,,,375518458.51114,Lai Valley Rural LLG,PG070619,Mendi/Munihu District,PG0706,Southern Highlands Province,PG07,Papua New Guinea,PG,"97",50273.0000015,Lai Valley Rural,Lai Valley Rural LLG,Mendi/Munihu District,Southern Highlands,143.4835159660,-6.0417167693
,,,2745662564.3467,Lake Kopiago Rural LLG,PG210515,Koroba/Kopiago District,PG2105,Hela Province,PG21,Papua New Guinea,PG,"204",40931.99999872,Lake Kopiago Rural,Lake Kopiago Rural LLG,Koroba/Kopiago District,Hela,142.4818155902,-5.2402918905
,,,2789911318.16657,Lake Kutubu Rural LLG,PG070722,Nipa/Kutubu District,PG0707,Southern Highlands Province,PG07,Papua New Guinea,PG,"61",29570.99999966,Lake Kutubu Rural,Lake Kutubu Rural LLG,Nipa/Kutubu District,Southern Highlands,143.3809844895,-6.5096037318
,,,12634994336.5407,Lake Murray Rural LLG,PG010104,Middle Fly District,PG0101,Western Province,PG01,Papua New Guinea,PG,"43",18509.9999997,Lake Murray Rural LLG,Lake Murray Rural LLG,Middle Fly District,Western,141.4674760710,-6.9249010057
,,,2678422575.68797,Lakekamu-Tauri Rural LLG,PG020106,Kerema District,PG0201,Gulf Province,PG02,Papua New Guinea,PG,"46",26681.00000059,Lakekamu-Tauri Rural,Lakekamu-Tauri Rural LLG,Kerema District,Gulf Province,146.2922920278,-7.8618674399
,,,699467330.413604,Lamari Rural LLG,PG110608,Obura/Wonenara District,PG1106,Eastern Highlands Province,PG11,Papua New Guinea,PG,"117",14073.000000032,Lamari Rural,Lamari Rural LLG,Obura/Wonenara District,Eastern Highlands,145.8959487289,-6.6334160603
,,,2010185328.94527,Lassul Baining Rural LLG,PG180103,Gazelle District,PG1801,East New Britain Province,PG18,Papua New Guinea,PG,"48",19390.99999925,Lassul Baining Rural,Lassul Baining Rural LLG,Gazelle District,East New Britain,151.7154141288,-4.5221155974
,,,225947249.460152,Lelemadih/Bupichupeu LLG,PG160105,Manus District,PG1601,Manus Province,PG16,Papua New Guinea,PG,"29",9900.00000009,Lelemadih/Bupichupeu,Lelemadih/Bupichupeu LLG,Manus District,Manus,147.1989629618,-2.0456390274
,,,115642710.752664,Livuan/Reimber Rural LLG,PG180104,Gazelle District,PG1801,East New Britain Province,PG18,Papua New Guinea,PG,"36",38624.99999886,Livuan/Reimber Rural,Livuan/Reimber Rural LLG,Gazelle District,East New Britain,152.0617111368,-4.2323242130
,,,8150685.66516945,Lorengau Urban LLG,PG160106,Manus District,PG1601,Manus Province,PG16,Papua New Guinea,PG,"21",11853,Lorengau Urban,Lorengau Urban LLG,Manus District,Manus,147.2792458900,-2.0357889398
,,,51275437.9285344,Los Negros LLG,PG160107,Manus District,PG1601,Manus Province,PG16,Papua New Guinea,PG,"15",5347.99999996,Los Negros,Los Negros LLG,Manus District,Manus,147.3897535830,-2.0449227833
,,,304326193.854309,Louisiade Rural LLG,PG050209,Samarai-Murua District,PG0502,Milne Bay Province,PG05,Papua New Guinea,PG,"103",150674.99999732,Louisiade Rural,Louisiade Rural LLG,Samarai-Murua District,Milne Bay Province,152.6553540238,-10.7292316527
,,,1263017407.30964,Lovongai Rural LLG,PG170102,Kavieng District,PG1701,New Ireland Province,PG17,Papua New Guinea,PG,"85",31882.00000004,Lovongai Rural,Lovongai Rural LLG,Kavieng District,New Ireland,150.2380354781,-2.5298201933
,,,181001893.299861,Lower Asaro Rural LLG,PG110112,Daulo District,PG1101,Eastern Highlands Province,PG11,Papua New Guinea,PG,"146",60426.2155194,Lower Asaro Rural,Lower Asaro Rural LLG,Daulo District,Eastern Highlands,145.2675664326,-5.9971661638
,,,232755393.89109,Lower Benna LLG,PG110811,Unggai/Benna District,PG1108,Eastern Highlands Province,PG11,Papua New Guinea,PG,"138",61446.95850634,Lower Benna,Lower Benna LLG,Unggai/Benna District,Eastern Highlands,145.4755343131,-6.1578793110
,,,483968035.985948,Lower Mendi Rural LLG,PG070207,Imbonggu District,PG0702,Southern Highlands Province,PG07,Papua New Guinea,PG,"138",45347.00000006,Lower Mendi Rural,Lower Mendi Rural LLG,Imbonggu District,Southern Highlands,143.7206390294,-6.1863122599
,,,408073726.849279,Lower Wage LLG,PG210413,Komo/Magarima District,PG2104,Hela Province,PG21,Papua New Guinea,PG,"76",42180.65042844,Lower Wage,Lower Wage LLG,Komo/Magarima District,Hela,143.2867990034,-6.0832909273
,,,166144053.771038,Lumusa Rural LLG,PG090510,Mul/Baiyer District,PG0905,Western Highlands Province,PG09,Papua New Guinea,PG,"52",12737.999999868,Lumusa Rural,Lumusa Rural LLG,Mul/Baiyer District,Western Highlands,144.0394362795,-5.5597014261
,,,17846079.8038746,Madang Urban LLG,PG130205,Madang District,PG1302,Madang Province,PG13,Papua New Guinea,PG,"85",53618.00000146,Madang Urban,Madang Urban LLG,Madang District,Madang,145.7852444339,-5.2226153514
,,,1149759580.88126,Maimai Wanwan LLG,PG150217,Nuku District,PG1502,West Sepik (Sandaun) Province,PG15,Papua New Guinea,PG,"22",18653.9999999,Maimai Wanwan,Maimai Wanwan LLG,Nuku District,West Sepik (Sandaun),142.3784644942,-3.8960087276
,,,1074028784.58527,Maip Muritaka Rural LLG,PG080307,Lagaip/Pogera District,PG0803,Enga Province,PG08,Papua New Guinea,PG,"34",26450.0000012,Maip Muritaka Rural,Maip Muritaka Rural LLG,Pogera-Paiela District,Enga,143.2468561591,-5.2631552472
,,,1947415149.65357,Makamaka Rural LLG,PG050101,Alotau District,PG0501,Milne Bay Province,PG05,Papua New Guinea,PG,"37",20130.99999967,Makamaka Rural,Makamaka Rural LLG,Alotau District,Milne Bay Province,149.5369397821,-9.7120309892
,,,159616206.863115,Maprik/Wora Rural LLG,PG140312,Maprik District,PG1403,East Sepik Province,PG14,Papua New Guinea,PG,"39",34279.9999995,Maprik/Wora Rural,Maprik/Wora Rural LLG,Maprik District,East Sepik,143.0277886471,-3.6441710220
,,,419302748.853224,Maramatana Rural LLG,PG050104,Alotau District,PG0501,Milne Bay Province,PG05,Papua New Guinea,PG,"21",28199.0000004,Maramatana Rural,Maramatana Rural LLG,Alotau District,Milne Bay Province,150.4142620700,-10.2224535606
,,,546464759.897042,Maramuni Rural LLG,PG080412,Wabag District,PG0804,Enga Province,PG08,Papua New Guinea,PG,"19",7020.0000001,Maramuni Rural,Maramuni Rural LLG,Wabag District,Enga,143.4899029675,-5.2001900317
,,,3778483838.7325,Marienberg Rural LLG,PG140208,Angoram District,PG1402,East Sepik Province,PG14,Papua New Guinea,PG,"64",37329.99999876,Marienberg Rural,Marienberg Rural LLG,Angoram District,East Sepik,144.3541097700,-4.1321067680
,,,604593705.516746,Mawase Rural LLG,PG150205,Nuku District,PG1502,West Sepik (Sandaun) Province,PG15,Papua New Guinea,PG,"39",34760.00000063,Mawase Rural,Mawase Rural LLG,Nuku District,West Sepik (Sandaun),142.5348673061,-3.7552129453
,,,2825212172.28485,Mekeo Kuni Rural LLG,PG030310,Kairuku - Hiri District,PG0303,Central Province,PG03,Papua New Guinea,PG,"74",36958.000000155,Mekeo Kuni Rural,Mekeo Kuni Rural LLG,Kairuku - Hiri District,Central,146.6815134497,-8.5526106343
,,,1414866071.99258,Melkoi Rural LLG,PG180312,Pomio District,PG1803,East New Britain Province,PG18,Papua New Guinea,PG,"52",12738.99999992,Melkoi Rural,Melkoi Rural LLG,Pomio District,East New Britain,150.8302179998,-5.8901327884
,,,15155534.5796815,Mendi Urban LLG,PG070620,Mendi/Munihu District,PG0706,Southern Highlands Province,PG07,Papua New Guinea,PG,"39",40917.9999999,Mendi Urban,Mendi Urban LLG,Mendi/Munihu District,Southern Highlands,143.6580860842,-6.1411541154
,,,156579897.921091,Mimanalo Rural LLG,PG110214,Goroka District,PG1102,Eastern Highlands Province,PG11,Papua New Guinea,PG,"157",70832.73342789,Mimanalo Rural,Mimanalo Rural LLG,Goroka District,Eastern Highlands,145.3540276770,-6.0144246110
,,,235483566.348836,Mitnande Rural LLG,PG100514,Kundiawa/Gembogl District,PG1005,Chimbu (Simbu) Province,PG10,Papua New Guinea,PG,"79",23536.99999993,Mitnande Rural,Mitnande Rural LLG,Kundiawa/Gembogl District,Chimbu (Simbu),145.0821650455,-5.8662956454
,,,23143791056.8042,Morehead Rural LLG,PG010313,South Fly District,PG0103,Western Province,PG01,Papua New Guinea,PG,"72",21616.999999979,Morehead Rural LLG,Morehead Rural LLG,South Fly District,Western,141.6996663356,-8.5218147960
,,,1694671521.80849,Morobe Rural LLG,PG120309,Huon District,PG1203,Morobe Province,PG12,Papua New Guinea,PG,"40",26858.00000017,Morobe Rural,Morobe Rural LLG,Huon District,Morobe,147.4551216265,-7.7380927289
,,,1740531030.55008,Mosa Rural LLG,PG190210,Talasea District,PG1902,West New Britain Province,PG19,Papua New Guinea,PG,"33",58233.99999764,Mosa Rural,Mosa Rural LLG,Nakanai District,West New Britain,150.3474473544,-5.7680985543
,,,3941742356.66878,Mt Bosavi Rural LLG,PG070723,Nipa/Kutubu District,PG0707,Southern Highlands Province,PG07,Papua New Guinea,PG,"54",6161.999999988,Mt Bosavi Rural,Mt Bosavi Rural LLG,Nipa/Kutubu District,Southern Highlands,142.9334063978,-6.5777623601
,,,68971302.8113537,Mt Digine Rural LLG,PG100206,Gumine District,PG1002,Chimbu (Simbu) Province,PG10,Papua New Guinea,PG,"43",23117.00000098,Mt Digine Rural,Mt Digine Rural LLG,Gumine District,Chimbu (Simbu),144.9167204853,-6.0737242092
,,,791964169.903043,Mt Giluwe Rural LLG,PG090712,Tambul/Nebilyer District,PG0907,Western Highlands Province,PG09,Papua New Guinea,PG,"134",53555.999999917,Mt Giluwe Rural,Mt Giluwe Rural LLG,Tambul/Nebilyer District,Western Highlands,143.9751186563,-5.8967672136
,,,301904292.124305,Mt Hagen Rural LLG,PG090304,Mt Hagen District,PG0903,Western Highlands Province,PG09,Papua New Guinea,PG,"298",134202.00000245,Mt Hagen Rural,Mt Hagen Rural LLG,Mt Hagen District,Western Highlands,144.2384572296,-5.8382358683
,,,9723569.05558996,Mt Hagen Urban LLG,PG090305,Mt Hagen District,PG0903,Western Highlands Province,PG09,Papua New Guinea,PG,"70",47063.9999976,Mt Hagen Urban,Mt Hagen Urban LLG,Mt Hagen District,Western Highlands,144.2315718212,-5.8550511641
,,,498309086.759125,Mt. Michael Rural LLG,PG110520,Lufa District,PG1105,Eastern Highlands Province,PG11,Papua New Guinea,PG,"86",21660.22555934,Mt. Michael Rural,Mt. Michael Rural LLG,Lufa District,Eastern Highlands,145.3021455422,-6.4065125489
,,,296977495.791057,Mul Rural LLG,PG090508,Mul/Baiyer District,PG0905,Western Highlands Province,PG09,Papua New Guinea,PG,"78",54596.99999903,Mul Rural,Mul Rural LLG,Mul/Baiyer District,Western Highlands,144.1589202985,-5.7267067495
,,,1311770997.39729,Mumeng Rural LLG,PG120101,Bulolo District,PG1201,Morobe Province,PG12,Papua New Guinea,PG,"54",32964.00000091,Mumeng Rural,Mumeng Rural LLG,Bulolo District,Morobe,146.5554224991,-6.9349719063
,,,390330670.289096,Murat Rural LLG,PG170101,Kavieng District,PG1701,New Ireland Province,PG17,Papua New Guinea,PG,"37",4367.999999931,Murat Rural,Murat Rural LLG,Kavieng District,New Ireland,149.6489419948,-1.4561918466
,,,939060253.643589,Murua Rural LLG,PG050211,Samarai-Murua District,PG0502,Milne Bay Province,PG05,Papua New Guinea,PG,"26",45878.9999991,Murua Rural,Murua Rural LLG,Samarai-Murua District,Milne Bay Province,152.7285526152,-9.1118471436
,,,748742176.226958,Nabak Rural LLG,PG120824,Nawae District,PG1208,Morobe Province,PG12,Papua New Guinea,PG,"39",21652.999999,Nabak Rural,Nabak Rural LLG,Nawae District,Morobe,146.9913861705,-6.4553364363
,,,1170238697.26361,Naho Rawa Rural LLG,PG130411,Rai Coast District,PG1304,Madang Province,PG13,Papua New Guinea,PG,"41",17082.00000074,Naho Rawa Rural,Naho Rawa Rural LLG,Rai Coast District,Madang,146.0585397387,-5.8853672039
,,,162700527.92452,Nali Sopat/Penabu LLG,PG160108,Manus District,PG1601,Manus Province,PG16,Papua New Guinea,PG,"18",6349.99999995,Nali Sopat/Penabu,Nali Sopat/Penabu LLG,Manus District,Manus,147.1823178378,-2.1384636785
,,,1252303346.84757,Namatanai Rural LLG,PG170205,Namatanai District,PG1702,New Ireland Province,PG17,Papua New Guinea,PG,"85",34241.70256131,Namatanai Rural,Namatanai Rural LLG,Namatanai District,New Ireland,152.6118505964,-3.8555224852
,,,2337484763.53052,Namea Rural LLG,PG150308,Telefomin District,PG1503,West Sepik (Sandaun) Province,PG15,Papua New Guinea,PG,"32",20330.0000008,Namea Rural,Namea Rural LLG,Telefomin District,West Sepik (Sandaun),141.9866401270,-3.8820456368
,,,536070159.396808,Nanima Kariba LLG,PG120734,Menyamya District,PG1207,Morobe Province,PG12,Papua New Guinea,PG,"45",35017.1354065,Nanima Kariba,Nanima Kariba LLG,Menyamya District,Morobe,146.1621023677,-7.4083228435
,,,657534126.924674,Nayudo Rural LLG,PG130418,Rai Coast District,PG1304,Madang Province,PG13,Papua New Guinea,PG,"29",19097.40060145,Nayudo Rural,Nayudo Rural LLG,Rai Coast District,Madang,146.5174102207,-5.8872680521
,,,1000355108.81621,Nebilyer Rural LLG,PG090713,Tambul/Nebilyer District,PG0907,Western Highlands Province,PG09,Papua New Guinea,PG,"69",51196.99999933,Nebilyer Rural,Nebilyer Rural LLG,Tambul/Nebilyer District,Western Highlands,144.2897799032,-6.0638684605
,,,139742130.752229,Nembi Plateau Rural LLG,PG070724,Nipa/Kutubu District,PG0707,Southern Highlands Province,PG07,Papua New Guinea,PG,"21",95221,Nembi Plateau Rural,Nembi Plateau Rural LLG,Nipa/Kutubu District,Southern Highlands,143.4827306667,-6.2730963397
,,,94025302.1522262,Niglkande Rural LLG,PG100515,Kundiawa/Gembogl District,PG1005,Chimbu (Simbu) Province,PG10,Papua New Guinea,PG,"58",26319.000000091,Niglkande Rural,Niglkande Rural LLG,Kundiawa/Gembogl District,Chimbu (Simbu),145.0519092115,-5.9505069849
,,,32795747.4655229,Nigoherm LLG,PG160102,Manus District,PG1601,Manus Province,PG16,Papua New Guinea,PG,"9",5378.99999964,Nigoherm,Nigoherm LLG,Manus District,Manus,144.5982808906,-1.3222020772
,,,218816132.662782,Nimamar Rural LLG,PG170209,Namatanai District,PG1702,New Ireland Province,PG17,Papua New Guinea,PG,"50",30687.99999989,Nimamar Rural,Nimamar Rural LLG,Namatanai District,New Ireland,152.6017247851,-3.1016565977
,,,2355322804.55561,Ningerum Rural LLG,PG010208,North Fly District,PG0102,Western Province,PG01,Papua New Guinea,PG,"85",26058.0000005,Ningerum Rural LLG,Ningerum Rural LLG,North Fly District,Western,141.2041308377,-5.6306007065
,,,486934072.412657,Nipa Rural LLG,PG070725,Nipa/Kutubu District,PG0707,Southern Highlands Province,PG07,Papua New Guinea,PG,"243",117302.00000087,Nipa Rural,Nipa Rural LLG,Nipa/Kutubu District,Southern Highlands,143.3408381996,-6.1961377561
,,,37144509.7521342,Nissan LLG,PG200105,North Bougainville District,PG2001,Autonomous Region of Bougainville,PG20,Papua New Guinea,PG,"30",8425.999999972,Nissan,Nissan LLG,North Bougainville District,Bougainville,154.1956465738,-4.4892632650
,,,21352376482.7526,Nomad Rural LLG,PG010105,Middle Fly District,PG0101,Western Province,PG01,Papua New Guinea,PG,"82",23076.00000046,Nomad Rural LLG,Nomad Rural LLG,Middle Fly District,Western,142.1834563528,-6.8884993214
,,,269850490.143708,Nomane Rural LLG,PG100308,Karimui/Nomane District,PG1003,Chimbu (Simbu) Province,PG10,Papua New Guinea,PG,"46",9442.999999955,Nomane Rural,Nomane Rural LLG,Karimui/Nomane District,Chimbu (Simbu),145.0720676870,-6.3619900682
,,,153386826.602924,Nondugl Rural LLG,PG220615,North Waghi District,PG2206,Jiwaka Province,PG22,Papua New Guinea,PG,"101",48865.94069715,Nondugl Rural,Nondugl Rural LLG,North Waghi District,Jiwaka,144.7656616398,-5.8496934114
,,,1850757341.70451,North Koroba Rural LLG,PG210516,Koroba/Kopiago District,PG2105,Hela Province,PG21,Papua New Guinea,PG,"85",40223.99999991,North Koroba Rural,North Koroba Rural LLG,Koroba/Kopiago District,Hela,142.4686586206,-5.6520041428
,,,316938345.892129,North Waghi Rural LLG,PG220611,North Waghi District,PG2206,Jiwaka Province,PG22,Papua New Guinea,PG,"171",89238.0593023849,North Waghi Rural,North Waghi Rural LLG,North Waghi District,Jiwaka,144.6235743117,-5.7667768710
,,,438957161.389137,North Wosera Rural LLG,PG140521,Wosera Gawi District,PG1405,East Sepik Province,PG14,Papua New Guinea,PG,"37",27276.99999914,North Wosera Rural,North Wosera Rural LLG,Wosera Gawi District,East Sepik,142.8237453762,-3.8428978923
,,,254420464.93157,Numbor Rural LLG,PG140624,Yangoru Saussia District,PG1406,East Sepik Province,PG14,Papua New Guinea,PG,"48",17111.999999781,Numbor Rural,Numbor Rural LLG,Yangoru Saussia District,East Sepik,143.4683906367,-3.6791319412
,,,3496738691.66522,Oksapmin Rural LLG,PG150309,Telefomin District,PG1503,West Sepik (Sandaun) Province,PG15,Papua New Guinea,PG,"25",31631.00000018,Oksapmin Rural,Oksapmin Rural LLG,Telefomin District,West Sepik (Sandaun),142.1197576338,-4.9966036912
,,,3639061946.39834,Olsobip Rural LLG,PG010209,North Fly District,PG0102,Western Province,PG01,Papua New Guinea,PG,"34",6719.99999986,Olsobip Rural LLG,Olsobip Rural LLG,North Fly District,Western,141.7517521792,-5.4647649485
,,,1709323618.80467,Onga/Waffa Rural LLG,PG120617,Markham District,PG1206,Morobe Province,PG12,Papua New Guinea,PG,"41",15970.99999921,Onga/Waffa Rural,Onga/Waffa Rural LLG,Markham District,Morobe,146.1788985710,-6.6195255319
,,,6284671630.20998,Oriomo-Bituri Rural LLG,PG010314,South Fly District,PG0103,Western Province,PG01,Papua New Guinea,PG,"66",15888.000000076,Oriomo-Bituri Rural LLG,Oriomo-Bituri Rural LLG,South Fly District,Western,142.8580911158,-8.8562048612
,,,1602044753.48994,Oro Bay Rural LLG,PG060101,Ijivitari District,PG0601,Northern (Oro) Province,PG06,Papua New Guinea,PG,"128",41507.00000128,Oro Bay Rural,Oro Bay Rural LLG,Popondentta District,Northern (Oro),148.3254841645,-8.6927470990
,,,1945259686.89933,Paiela/Hewa Rural LLG,PG080308,Lagaip/Pogera District,PG0803,Enga Province,PG08,Papua New Guinea,PG,"26",13698.9999999,Paiela/Hewa Rural,Paiela/Hewa Rural LLG,Pogera-Paiela District,Enga,142.8915344876,-5.3487372735
,,,1010823020.33977,Palmai Rural LLG,PG150206,Nuku District,PG1502,West Sepik (Sandaun) Province,PG15,Papua New Guinea,PG,"53",23183.99999958,Palmai Rural,Palmai Rural LLG,Nuku District,West Sepik (Sandaun),142.4459839198,-3.5283938791
,,,575060712.281022,Pilikambi Rural LLG,PG080315,Lagaip/Pogera District,PG0803,Enga Province,PG08,Papua New Guinea,PG,"49",31417.66838278,Pilikambi Rural,Pilikambi Rural LLG,Laigap District,Enga,143.5971372572,-5.6275338424
,,,558853948.058891,Pobuma LLG,PG160110,Manus District,PG1601,Manus Province,PG16,Papua New Guinea,PG,"19",8101.99999971,Pobuma,Pobuma LLG,Manus District,Manus,146.8134465077,-2.1416092417
,,,459558982.271604,Pomutu/Kurti/Andra LLG,PG160104,Manus District,PG1601,Manus Province,PG16,Papua New Guinea,PG,"19",8204.999999885,Pomutu/Kurti/Andra,Pomutu/Kurti/Andra LLG,Manus District,Manus,146.9101138595,-2.0195065964
,,,443849372.19365,Popondetta Urban LLG,PG060104,Ijivitari District,PG0601,Northern (Oro) Province,PG06,Papua New Guinea,PG,"92",42362.9999997,Popondetta Urban,Popondetta Urban LLG,Popondentta District,Northern (Oro),148.2559315719,-8.8187346986
,,,536995887.862863,Porgera Rural LLG,PG080309,Lagaip/Pogera District,PG0803,Enga Province,PG08,Papua New Guinea,PG,"42",81120.9999997,Porgera Rural,Porgera Rural LLG,Pogera-Paiela District,Enga,143.1240390639,-5.4118454337
,,,309045124.556536,Poroma Rural LLG,PG070726,Nipa/Kutubu District,PG0707,Southern Highlands Province,PG07,Papua New Guinea,PG,"246",94347.99999949,Poroma Rural,Poroma Rural LLG,Nipa/Kutubu District,Southern Highlands,143.5906818149,-6.3371403086
,,,11813227.6548014,Rabaul Urban LLG,PG180417,Rabaul District,PG1804,East New Britain Province,PG18,Papua New Guinea,PG,"31",4960.000000022,Rabaul Urban,Rabaul Urban LLG,Rabaul District,East New Britain,152.1798687434,-4.2029964800
,,,2177762583.21618,Rai Coast Rural LLG,PG130412,Rai Coast District,PG1304,Madang Province,PG13,Papua New Guinea,PG,"157",40048.59939895,Rai Coast Rural,Rai Coast Rural LLG,Rai Coast District,Madang,146.4449212017,-5.6373492760
,,,40271683.6991633,Raluana Rural LLG,PG180209,Kokopo District,PG1802,East New Britain Province,PG18,Papua New Guinea,PG,"21",23654.9999977,Raluana Rural,Raluana Rural LLG,Kokopo District,East New Britain,152.1914743417,-4.3240924093
,,,131291547.022492,Rapatona LLG,PG160112,Manus District,PG1601,Manus Province,PG16,Papua New Guinea,PG,"18",4086.00000011,Rapatona,Rapatona LLG,Manus District,Manus,147.7927252681,-2.2516891090
,,,1252153266.99436,Rigo Central Rural LLG,PG030411,Rigo District,PG0304,Central Province,PG03,Papua New Guinea,PG,"62",22401.99999991,Rigo Central Rural,Rigo Central Rural LLG,Rigo District,Central,147.6422752096,-9.6945082176
,,,518628504.355739,Rigo Coastal Rural LLG,PG030412,Rigo District,PG0304,Central Province,PG03,Papua New Guinea,PG,"30",26178.00000014,Rigo Coastal Rural,Rigo Coastal Rural LLG,Rigo District,Central,147.6804688366,-9.9411573162
,,,3243682441.58786,Rigo Inland Rural LLG,PG030413,Rigo District,PG0304,Central Province,PG03,Papua New Guinea,PG,"138",24142.000000041,Rigo Inland Rural,Rigo Inland Rural LLG,Rigo District,Central,147.9387509010,-9.6655734353
,,,5519079875.05053,Safia Rural LLG,PG060109,Ijivitari District,PG0601,Northern (Oro) Province,PG06,Papua New Guinea,PG,"56",9812.08604993,Safia Rural,Safia Rural LLG,Ijivitari District,Northern (Oro),148.6662877994,-9.5374673526
,,,1254328489.88675,Salamaua Rural LLG,PG120310,Huon District,PG1203,Morobe Province,PG12,Papua New Guinea,PG,"55",17756.00000024,Salamaua Rural,Salamaua Rural LLG,Huon District,Morobe,146.9771504263,-7.1858245802
,,,209860824.100606,Salt Rural LLG,PG100309,Karimui/Nomane District,PG1003,Chimbu (Simbu) Province,PG10,Papua New Guinea,PG,"56",19569.99999994,Salt Rural,Salt Rural LLG,Karimui/Nomane District,Chimbu (Simbu),144.9786285420,-6.2770466151
,,,1338078296.27925,Sausso Rural LLG,PG140625,Yangoru Saussia District,PG1406,East Sepik Province,PG14,Papua New Guinea,PG,"41",15733.99999977,Sausso Rural,Sausso Rural LLG,Yangoru Saussia District,East Sepik,143.5856924927,-3.8740541734
,,,442990112.644499,Selau/Suir LLG,PG200103,North Bougainville District,PG2001,Autonomous Region of Bougainville,PG20,Papua New Guinea,PG,"42",30930.99999781,Selau/Suir,Selau/Suir LLG,North Bougainville District,Bougainville,154.8339087174,-5.5742592985
,,,306399077.002307,Selepet Rural LLG,PG120435,Kabwum District,PG1204,Morobe Province,PG12,Papua New Guinea,PG,"27",15909.9999999,Selepet Rural,Selepet Rural LLG,Kabwum District,Morobe,147.1565762646,-6.2394773833
,,,1817723268.28619,Sentral Niu Ailan Rural LLG,PG170206,Namatanai District,PG1702,New Ireland Province,PG17,Papua New Guinea,PG,"109",37894.99999918,Sentral Niu Ailan Rural,Sentral Niu Ailan Rural LLG,Namatanai District,New Ireland,151.8852068632,-3.2049924080
,,,876446509.975435,Sialum Rural LLG,PG120926,Tawae/Siassi District,PG1209,Morobe Province,PG12,Papua New Guinea,PG,"63",24595.0000003,Sialum Rural,Sialum Rural LLG,Tawae/Siassi District,Morobe,147.5619651923,-6.1719096355
,,,202563136.044583,Siane Rural LLG,PG100103,Chuave District,PG1001,Chimbu (Simbu) Province,PG10,Papua New Guinea,PG,"92",19564.09624428,Siane Rural,Siane Rural LLG,Chuave District,Chimbu (Simbu),145.2131286193,-6.2142969211
,,,965557882.756519,Siassi Rural LLG,PG120927,Tawae/Siassi District,PG1209,Morobe Province,PG12,Papua New Guinea,PG,"44",10722.000000217,Siassi Rural,Siassi Rural LLG,Tawae/Siassi District,Morobe,147.9139230609,-5.6116580335
,,,584535367.609541,Simbai Rural LLG,PG130309,Middle Ramu District,PG1303,Madang Province,PG13,Papua New Guinea,PG,"27",32447.9999985,Simbai Rural,Simbai Rural LLG,Middle Ramu District,Madang,144.5822096216,-5.2212181978
,,,2436652289.84463,Sinivit Rural LLG,PG180313,Pomio District,PG1803,East New Britain Province,PG18,Papua New Guinea,PG,"62",26661.999998951,Sinivit Rural,Sinivit Rural LLG,Pomio District,East New Britain,152.1267687040,-4.7347004747
,,,731446634.660795,Siwai LLG,PG200310,South Bougainville District,PG2003,Autonomous Region of Bougainville,PG20,Papua New Guinea,PG,"93",34249.00000022,Siwai,Siwai LLG,South Bougainville District,Bougainville,155.4557285087,-6.6444717895
,,,253865220.082247,South Koroba Rural LLG,PG210517,Koroba/Kopiago District,PG2105,Hela Province,PG21,Papua New Guinea,PG,"73",86423.00000191,South Koroba Rural,South Koroba Rural LLG,Koroba/Kopiago District,Hela,142.7819334268,-5.8105049698
,,,1706817226.79023,South Waghi Rural LLG,PG220102,Anglimp/South Waghi District,PG2201,Jiwaka Province,PG22,Papua New Guinea,PG,"308",149869.00000058,South Waghi Rural,South Waghi Rural LLG,Anglimp/South Waghi District,Jiwaka,144.5926617851,-6.0832165040
,,,459772523.975185,South Wosera Rural LLG,PG140522,Wosera Gawi District,PG1405,East Sepik Province,PG14,Papua New Guinea,PG,"60",34606.00000003,South Wosera Rural,South Wosera Rural LLG,Wosera Gawi District,East Sepik,143.0087960106,-3.8378648918
,,,1581789074.58975,Star Mountains Rural LLG,PG010210,North Fly District,PG0102,Western Province,PG01,Papua New Guinea,PG,"32",25153.9999988,Star Mountains Rural LLG,Star Mountains Rural LLG,North Fly District,Western,141.1903239522,-5.2163108962
,,,155168414.976506,Suai Rural LLG,PG100618,Sina Sina Yonggomugl District,PG1006,Chimbu (Simbu) Province,PG10,Papua New Guinea,PG,"77",24944.0000006,Suai Rural,Suai Rural LLG,Sina Sina Yonggomugl District,Chimbu (Simbu),144.9916972778,-6.1325809028
,,,1828784279.40793,Suau Rural LLG,PG050106,Alotau District,PG0501,Milne Bay Province,PG05,Papua New Guinea,PG,"36",27304.0000012,Suau Rural,Suau Rural LLG,Alotau District,Milne Bay Province,150.0621559558,-10.4629998482
,,,1501533273.91948,Sumgilbar Rural LLG,PG130514,Sumkar District,PG1305,Madang Province,PG13,Papua New Guinea,PG,"124",54914.00000001,Sumgilbar Rural,Sumgilbar Rural LLG,Sumkar District,Madang,145.5518035578,-4.7853053390
,,,80862237.5199343,Tabare Rural LLG,PG100617,Sina Sina Yonggomugl District,PG1006,Chimbu (Simbu) Province,PG10,Papua New Guinea,PG,"65",24732.00000038,Tabare Rural,Tabare Rural LLG,Sina Sina Yonggomugl District,Chimbu (Simbu),145.0519804984,-6.0878634314
,,,534954983.858386,Tagali Rural LLG,PG210828,Tari/Pori District,PG2108,Hela Province,PG21,Papua New Guinea,PG,"24",46767.999999,Tagali Rural,Tagali Rural LLG,Tari/Pori District,Hela,142.9507530807,-5.7253842667
,,,2174546891.38935,Talasea Rural LLG,PG190211,Talasea District,PG1902,West New Britain Province,PG19,Papua New Guinea,PG,"50",33817.00000126,Talasea Rural,Talasea Rural LLG,Talasea District,West New Britain,149.9924972200,-5.5482675076
,,,4355279397.03619,Tamata Rural LLG,PG060207,Sohe District,PG0602,Northern (Oro) Province,PG06,Papua New Guinea,PG,"92",24884.000000142,Tamata Rural,Tamata Rural LLG,Sohe District,Northern (Oro),147.8083331362,-8.3320196060
,,,174549849.970843,Tanir Rural LLG,PG170208,Namatanai District,PG1702,New Ireland Province,PG17,Papua New Guinea,PG,"38",15271.0000003,Tanir Rural,Tanir Rural LLG,Namatanai District,New Ireland,153.4899560442,-3.8270228056
,,,1494920692.76303,Tapini Rural LLG,PG030205,Goilala District,PG0302,Central Province,PG03,Papua New Guinea,PG,"69",19087.00000012,Tapini Rural,Tapini Rural LLG,Goilala District,Central,147.0490215417,-8.2929884098
,,,22272710.3275356,Tari Urban LLG,PG210829,Tari/Pori District,PG2108,Hela Province,PG21,Papua New Guinea,PG,"16",94822.9999984,Tari Urban,Tari Urban LLG,Tari/Pori District,Hela,142.9412231242,-5.8512763124
,,,268073581.180346,Tebi Rural LLG,PG210830,Tari/Pori District,PG2108,Hela Province,PG21,Papua New Guinea,PG,"18",58303.999999,Tebi Rural,Tebi Rural LLG,Tari/Pori District,Hela,143.0688658432,-5.8388771779
,,,3833684836.80481,Telefomin Rural LLG,PG150310,Telefomin District,PG1503,West Sepik (Sandaun) Province,PG15,Papua New Guinea,PG,"70",18435.999999921,Telefomin Rural,Telefomin Rural LLG,Telefomin District,West Sepik (Sandaun),141.6881494493,-4.9015341936
,,,171801849.434002,Tetidu LLG,PG160109,Manus District,PG1601,Manus Province,PG16,Papua New Guinea,PG,"13",3978.99999981,Tetidu,Tetidu LLG,Manus District,Manus,147.0564681372,-2.1226783482
,,,1311256671.38915,Tikana Rural LLG,PG170103,Kavieng District,PG1701,New Ireland Province,PG17,Papua New Guinea,PG,"92",38546.00000058,Tikana Rural,Tikana Rural LLG,Kavieng District,New Ireland,151.0796231657,-2.8427241900
,,,630652731.666091,Tinputz LLG,PG200101,North Bougainville District,PG2001,Autonomous Region of Bougainville,PG20,Papua New Guinea,PG,"56",32580.99999997,Tinputz,Tinputz LLG,North Bougainville District,Bougainville,154.9987372932,-5.6945495565
,,,970335494.717741,Torokina LLG,PG200312,South Bougainville District,PG2003,Autonomous Region of Bougainville,PG20,Papua New Guinea,PG,"51",10252.999999957,Torokina,Torokina LLG,South Bougainville District,Bougainville,155.1867877354,-6.3069021377
,,,1845023577.3687,Transgogol Rural LLG,PG130206,Madang District,PG1302,Madang Province,PG13,Papua New Guinea,PG,"85",30216.99999991,Transgogol Rural,Transgogol Rural LLG,Madang District,Madang,145.4470545559,-5.1428621946
,,,468677452.255622,Tsak Rural LLG,PG080514,Wapenamanda District,PG0805,Enga Province,PG08,Papua New Guinea,PG,"34",26494.0000016,Tsak Rural,Tsak Rural LLG,Wapenamanda District,Enga,143.8016076974,-5.7116637414
,,,2506365909.42201,Tufi Rural LLG,PG060102,Ijivitari District,PG0601,Northern (Oro) Province,PG06,Papua New Guinea,PG,"108",26166.99999887,Tufi Rural,Tufi Rural LLG,Ijivitari District,Northern (Oro),149.1215403519,-9.3649127943
,,,10209115547.8428,Tunap/Hustein LLG,PG140104,Ambunti/Drekikier District,PG1401,East Sepik Province,PG14,Papua New Guinea,PG,"86",19184.00000031,Tunap/Hustein,Tunap/Hustein LLG,Ambunti/Drekikier District,East Sepik,142.1754513804,-4.4891982304
,,,774678220.654998,Turubu Rural LLG,PG140415,Wewak District,PG1404,East Sepik Province,PG14,Papua New Guinea,PG,"56",17991.00000018,Turubu Rural LLG,Turubu Rural LLG,Wewak District,East Sepik,143.8512934979,-3.8007690900
,,,1665030789.05594,Umi/Atzera Rural LLG,PG120618,Markham District,PG1206,Morobe Province,PG12,Papua New Guinea,PG,"129",66894.00000016,Umi/Atzera Rural,Umi/Atzera Rural LLG,Markham District,Morobe,146.2192076089,-6.2065386899
,,,584605218.447115,Unavi Rural LLG,PG110507,Lufa District,PG1105,Eastern Highlands Province,PG11,Papua New Guinea,PG,"33",6847.00000029,Unavi Rural,Unavi Rural LLG,Lufa District,Eastern Highlands,145.1375896329,-6.5220249632
,,,265544444.065819,Unggai Rural LLG,PG110824,Unggai/Benna District,PG1108,Eastern Highlands Province,PG11,Papua New Guinea,PG,"115",33812.00000102,Unggai  Rural,Unggai Rural LLG,Unggai/Benna District,Eastern Highlands,145.3218445214,-6.1914203376
,,,260505646.395473,Upper Asaro Rural LLG,PG110113,Daulo District,PG1101,Eastern Highlands Province,PG11,Papua New Guinea,PG,"62",18334.95387579,Upper Asaro Rural,Upper Asaro Rural LLG,Daulo District,Eastern Highlands,145.2552806637,-5.9131600657
,,,405633932.514502,Upper Bena Rural LLG,PG110823,Unggai/Benna District,PG1108,Eastern Highlands Province,PG11,Papua New Guinea,PG,"157",37411.04149339,Upper Bena Rural,Upper Bena Rural LLG,Unggai/Benna District,Eastern Highlands,145.5728866494,-6.0312277350
,,,549178927.259684,Upper Mendi Rural LLG,PG070621,Mendi/Munihu District,PG0706,Southern Highlands Province,PG07,Papua New Guinea,PG,"27",57298.9999999,Upper Mendi Rural,Upper Mendi Rural LLG,Mendi/Munihu District,Southern Highlands,143.7605081601,-6.0230145743
,,,670925667.281993,Upper Wage LLG,PG210431,Komo/Magarima District,PG2104,Hela Province,PG21,Papua New Guinea,PG,"88",35841.34957071,Upper Wage,Upper Wage LLG,Komo/Magarima District,Hela,143.2452766221,-5.8946075749
,,,226439313.627298,Upper/Lower Koronigl LLG,PG100411,Kerowagi District,PG1004,Chimbu (Simbu) Province,PG10,Papua New Guinea,PG,"89",54701.79535904,Upper/Lower Koronigl,Upper/Lower Koronigl LLG,Kerowagi District,Chimbu (Simbu),144.8933098576,-5.8438709734
,,,2830309620.15295,Usino Rural LLG,PG130616,Usino Bundi District,PG1306,Madang Province,PG13,Papua New Guinea,PG,"117",74459.75164488,Usino Rural,Usino Rural LLG,Usino Bundi District,Madang,145.4233541596,-5.5832445179
,,,10416707.2489755,Vanimo Urban LLG,PG150415,Vanimo/Green River District,PG1504,West Sepik (Sandaun) Province,PG15,Papua New Guinea,PG,"26",26494.99999951,Vanimo Urban,Vanimo Urban LLG,Vanimo/Green River District,West Sepik (Sandaun),141.3086820182,-2.6962483208
,,,165170445.066252,Vunadidir/Toma Rural LLG,PG180105,Gazelle District,PG1801,East New Britain Province,PG18,Papua New Guinea,PG,"37",41835.99999986,Vunadidir/Toma Rural,Vunadidir/Toma Rural LLG,Gazelle District,East New Britain,152.1359736287,-4.3979235573
,,,399785231.889599,Wabag Rural LLG,PG080411,Wabag District,PG0804,Enga Province,PG08,Papua New Guinea,PG,"106",110279.00000025,Wabag Rural,Wabag Rural LLG,Wabag District,Enga,143.6960552307,-5.5051201877
,,,1103298.84103024,Wabag Urban LLG,PG080410,Wabag District,PG0804,Enga Province,PG08,Papua New Guinea,PG,"13",7064.00000013,Wabag Urban,Wabag Urban LLG,Wabag District,Enga,143.7247699935,-5.4954782484
,,,1159291402.44238,Wage Rural LLG,PG080102,Kandep District,PG0801,Enga Province,PG08,Papua New Guinea,PG,"116",47864.99999987,Wage Rural,Wage Rural LLG,Kandep District,Enga,143.2749908339,-5.6970809442
,,,914617764.956113,Wain-Erap Rural LLG,PG120825,Nawae District,PG1208,Morobe Province,PG12,Papua New Guinea,PG,"80",57188.0000024,Wain-Erap Rural,Wain-Erap Rural LLG,Nawae District,Morobe,146.7247421665,-6.3946065896
,,,105457815.148192,Waiye LLG,PG100516,Kundiawa/Gembogl District,PG1005,Chimbu (Simbu) Province,PG10,Papua New Guinea,PG,"77",62327.99999969,Waiye,Waiye LLG,Kundiawa/Gembogl District,Chimbu (Simbu),144.9297492080,-5.9998922009
,,,1159037361.6163,Wakunai LLG,PG200207,Central Bougainville District,PG2002,Autonomous Region of Bougainville,PG20,Papua New Guinea,PG,"84",61104.0000024,Wakunai,Wakunai LLG,Central Bougainville District,Bougainville,155.1517957794,-5.9387066785
,,,1965502331.13142,Walsa Rural LLG,PG150416,Vanimo/Green River District,PG1504,West Sepik (Sandaun) Province,PG15,Papua New Guinea,PG,"40",12834.99999984,Walsa Rural,Walsa Rural LLG,Vanimo/Green River District,West Sepik (Sandaun),141.2853614731,-3.2751068083
,,,2685258550.55891,Wampar Rural LLG,PG120311,Huon District,PG1203,Morobe Province,PG12,Papua New Guinea,PG,"135",137823.99999797,Wampar Rural,Wampar Rural LLG,Huon District,Morobe,146.5779812870,-6.6819236154
,,,1113722898.83597,Wantoat/Leron Rural LLG,PG120619,Markham District,PG1206,Morobe Province,PG12,Papua New Guinea,PG,"103",26894.99999981,Wantoat/Leron Rural,Wantoat/Leron Rural LLG,Markham District,Morobe,146.4882160589,-6.1877885322
,,,546063427.525077,Wapenamanda Rural LLG,PG080513,Wapenamanda District,PG0805,Enga Province,PG08,Papua New Guinea,PG,"74",52177.9999992,Wapenamanda Rural,Wapenamanda Rural LLG,Wapenamanda District,Enga,143.9363204659,-5.6347381144
,,,735913880.552709,Wapi-Yengis Rural LLG,PG080205,Kompiam District,PG0802,Enga Province,PG08,Papua New Guinea,PG,"21",7368.5372798,Wapi-Yengis Rural,Wapi-Yengis Rural LLG,Kompiam District,Enga,144.0546810807,-5.1673563947
,,,593535890.192421,Wapi Rural LLG,PG120722,Menyamya District,PG1207,Morobe Province,PG12,Papua New Guinea,PG,"49",33073.0000001,Wapi Rural,Wapi Rural LLG,Menyamya District,Morobe,146.1083799529,-7.1789621287
,,,3170513347.77802,Waria Rural LLG,PG120102,Bulolo District,PG1201,Morobe Province,PG12,Papua New Guinea,PG,"60",17275.999999944,Waria Rural,Waria Rural LLG,Wau-Waria District,Morobe,147.0882511612,-7.7962374442
,,,815458599.123435,Wasu Rural LLG,PG120928,Tawae/Siassi District,PG1209,Morobe Province,PG12,Papua New Guinea,PG,"46",22735.00000004,Wasu Rural,Wasu Rural LLG,Tawae/Siassi District,Morobe,147.0906936588,-5.9766421057
,,,168106557.874707,Watabung Rural LLG,PG110101,Daulo District,PG1101,Eastern Highlands Province,PG11,Papua New Guinea,PG,"75",17256.83060348,Watabung Rural,Watabung Rural LLG,Daulo District,Eastern Highlands,145.1841564668,-6.0607207750
,,,13166975.2777838,Watom Island Rual LLG,PG180418,Rabaul District,PG1804,East New Britain Province,PG18,Papua New Guinea,PG,"7",3682.0000001,Watom Island Rual,Watom Island Rual LLG,Rabaul District,East New Britain,152.0704526492,-4.1093389356
,,,1358079354.08329,Watut Rural LLG,PG120103,Bulolo District,PG1201,Morobe Province,PG12,Papua New Guinea,PG,"58",37930.99999896,Watut Rural,Watut Rural LLG,Bulolo District,Morobe,146.5424522297,-7.2348637251
,,,2346922135.20204,Wau Rural LLG,PG120105,Bulolo District,PG1201,Morobe Province,PG12,Papua New Guinea,PG,"121",48596.99999883,Wau Rural,Wau Rural LLG,Wau-Waria District,Morobe,146.7687282933,-7.4730809218
,,,17821820.7411365,Wau/Bulolo Urban LLG,PG120104,Bulolo District,PG1201,Morobe Province,PG12,Papua New Guinea,PG,"45",21028.00000042,Wau/Bulolo Urban,Wau/Bulolo Urban LLG,Bulolo District,Morobe,146.6656293658,-7.2450955840
,,,1616084449.21458,Weraura Rural LLG,PG050103,Alotau District,PG0501,Milne Bay Province,PG05,Papua New Guinea,PG,"63",20834.00000025,Weraura Rural,Weraura Rural LLG,Alotau District,Milne Bay Province,149.8675047302,-10.0950721071
,,,1912805979.06536,West Aitape Rural LLG,PG150103,Aitape/Lumi District,PG1501,West Sepik (Sandaun) Province,PG15,Papua New Guinea,PG,"31",28688.9999995,West Aitape Rural,West Aitape Rural LLG,Aitape/Lumi District,West Sepik (Sandaun),141.9337988128,-3.1582112452
,,,739710026.86096,West Ferguson Rural LLG,PG050414,Esa'ala District,PG0504,Milne Bay Province,PG05,Papua New Guinea,PG,"26",38891.0000004,West Ferguson Rural,West Ferguson Rural LLG,Esa'ala District,Milne Bay Province,150.5671918639,-9.4999357504
,,,11044560478.0379,West Kikori Rural LLG,PG020210,Kikori District,PG0202,Gulf Province,PG02,Papua New Guinea,PG,"43",15699.00000043,West Kikori Rural,West Kikori Rural LLG,Kikori District,Gulf Province,143.7412629525,-7.2525799992
,,,846020353.730854,West Okapa Rural LLG,PG110722,Okapa District,PG1107,Eastern Highlands Province,PG11,Papua New Guinea,PG,"95",19192.073700052,West Okapa Rural,West Okapa Rural LLG,Okapa District,Eastern Highlands,145.4057806929,-6.6115061653
,,,1734296355.21243,West Pomio/Mamusi Rural LLG,PG180314,Pomio District,PG1803,East New Britain Province,PG18,Papua New Guinea,PG,"85",17577.99999964,West Pomio/Mamusi Rural,West Pomio/Mamusi Rural LLG,Pomio District,East New Britain,151.1737651771,-5.7266852458
,,,951638327.332733,West Wapei Rural LLG,PG150104,Aitape/Lumi District,PG1501,West Sepik (Sandaun) Province,PG15,Papua New Guinea,PG,"56",17253.00000023,West Wapei Rural,West Wapei Rural LLG,Aitape/Lumi District,West Sepik (Sandaun),141.9150377659,-3.4088510350
,,,219147160.391775,West Yangoru Rural LLG,PG140626,Yangoru Saussia District,PG1406,East Sepik Province,PG14,Papua New Guinea,PG,"41",21996.0000006,West Yangoru Rural,West Yangoru Rural LLG,Yangoru Saussia District,East Sepik,143.2205463061,-3.6252351563
,,,159969975.977797,Wewak Islands Rural LLG,PG140416,Wewak District,PG1404,East Sepik Province,PG14,Papua New Guinea,PG,"59",13823.000000147,Wewak Islands Rural,Wewak Islands Rural LLG,Wewak District,East Sepik,143.7850534185,-3.3462677420
,,,392569197.783649,Wewak Rural LLG,PG140417,Wewak District,PG1404,East Sepik Province,PG14,Papua New Guinea,PG,"51",26922.0000006,Wewak Rural LLG,Wewak Rural LLG,Wewak District,East Sepik,143.5985145557,-3.6087087307
,,,19355255.452765,Wewak Urban LLG,PG140418,Wewak District,PG1404,East Sepik Province,PG14,Papua New Guinea,PG,"74",52094.0000003,Wewak Urban,Wewak Urban LLG,Wewak District,East Sepik,143.6491925442,-3.5754879493
,,,943242369.168492,Wiru Rural LLG,PG070104,Ialibu/Pangia District,PG0701,Southern Highlands Province,PG07,Papua New Guinea,PG,"134",36876.00000004,Wiru Rural,Wiru Rural LLG,Ialibu/Pangia District,Southern Highlands,144.3205937512,-6.4761658715
,,,3423717504.14663,Woitape Rural LLG,PG030206,Goilala District,PG0302,Central Province,PG03,Papua New Guinea,PG,"62",32037.00000114,Woitape Rural,Woitape Rural LLG,Goilala District,Central,147.2689850092,-8.6226545307
,,,695869248.23867,Yabim Mape Rural LLG,PG120208,Finschafen District,PG1202,Morobe Province,PG12,Papua New Guinea,PG,"57",21074.8100728,Yabim Mape Rural,Yabim Mape Rural LLG,Finschafen District,Morobe,147.6875434215,-6.5926138554
,,,280330204.90981,Yagaria Rural LLG,PG110521,Lufa District,PG1105,Eastern Highlands Province,PG11,Papua New Guinea,PG,"84",30562.77444104,Yagaria Rural,Yagaria Rural LLG,Lufa District,Eastern Highlands,145.4312228145,-6.3329037094
,,,1248659376.83934,Yaleyemba Rural LLG,PG050210,Samarai-Murua District,PG0502,Milne Bay Province,PG05,Papua New Guinea,PG,"75",101016.00000182,Yaleyemba Rural,Yaleyemba Rural LLG,Samarai-Murua District,Milne Bay Province,153.5962793723,-11.4401579932
,,,336379640.346525,Yamil/Tamaui Rural LLG,PG140313,Maprik District,PG1403,East Sepik Province,PG14,Papua New Guinea,PG,"38",25671.00000063,Yamil/Tamaui Rural,Yamil/Tamaui Rural LLG,Maprik District,East Sepik,143.1219361576,-3.6842116801
,,,754690024.378369,Yangkok Rural LLG,PG150207,Nuku District,PG1502,West Sepik (Sandaun) Province,PG15,Papua New Guinea,PG,"57",30146.0000008,Yangkok Rural,Yangkok Rural LLG,Nuku District,West Sepik (Sandaun),142.1837927897,-3.5687110557
,,,4139792577.36546,Yapsie Rural LLG,PG150311,Telefomin District,PG1503,West Sepik (Sandaun) Province,PG15,Papua New Guinea,PG,"42",8664.00000032,Yapsie Rural,Yapsie Rural LLG,Telefomin District,West Sepik (Sandaun),141.1952333287,-4.6412633485
,,,2237436779.88712,Yawar Rural LLG,PG130103,Bogia District,PG1301,Madang Province,PG13,Papua New Guinea,PG,"125",65891.99999965,Yawar Rural,Yawar Rural LLG,Bogia District,Madang,144.7508778444,-4.3200445050
,,,2120768084.77906,Yelia Rural LLG,PG110609,Obura/Wonenara District,PG1106,Eastern Highlands Province,PG11,Papua New Guinea,PG,"126",10573.999999911,Yelia Rural,Yelia Rural LLG,Obura/Wonenara District,Eastern Highlands,145.7392126796,-6.9109123259
,,,87720493.6042484,Yonggomugl Rural LLG,PG100619,Sina Sina Yonggomugl District,PG1006,Chimbu (Simbu) Province,PG10,Papua New Guinea,PG,"58",33759.000000261,Yonggomugl Rural,Yonggomugl Rural LLG,Sina Sina Yonggomugl District,Chimbu (Simbu),145.0385181254,-6.0103366320
,,,2336997106.57517,Yuat Rural LLG,PG140209,Angoram District,PG1402,East Sepik Province,PG14,Papua New Guinea,PG,"35",18186.999999405,Yuat Rural,Yuat Rural LLG,Angoram District,East Sepik,143.8560523003,-4.6576367856
,,,1297093235.25742,Yus Rural LLG,PG120414,Kabwum District,PG1204,Morobe Province,PG12,Papua New Guinea,PG,"37",16489.99999995,Yus Rural,Yus Rural LLG,Kabwum District,Morobe,146.7408083159,-6.0735201007
