Shape_Area,ADM3_EN,ADM3_PCODE,ADM2_EN,ADM2_PCODE,ADM1_EN,ADM1_PCODE,Totpop2021_count,Totpop2021_sum,LLG,District,Province
2716852045.38073492050,Afore Rural LLG,PG060103,Ijivitari District,PG0601,Northern (Oro) Province,PG06,"71",20908.913951,Afore Rural,Ijivitari District,Northern (Oro)
624989777.79439234734,Agarabi Rural LLG,PG110418,Kainanatu District,PG1104,Eastern Highlands Province,PG11,"79",29529.666012,Agarabi Rural,Kainanatu District,Eastern Highlands
87468282.74444770813,Ahi Rural LLG,PG120515,Lae District,PG1205,Morobe Province,PG12,"57",114071.999993,Ahi Rural,Lae District,Morobe
358140959.44515860081,Aiya Rural LLG,PG070332,Kagua/Erave District,PG0703,Southern Highlands Province,PG07,"143",49660.798172,Aiya Rural,Kagua/Erave District,Southern Highlands
181574668.69761103392,Albiges/Mablep Rural LLG,PG140310,Maprik District,PG1403,East Sepik Province,PG14,"41",20401.000000,Albiges/Mablep Rural,Maprik District,East Sepik
1400365040.91676712036,Almami Rural LLG,PG130101,Bogia District,PG1301,Madang Province,PG13,"90",47731.000001,Almami Rural,Bogia District,Madang
3570113.98491883324,Alotau Urban LLG,PG050107,Alotau District,PG0501,Milne Bay Province,PG05,"23",17109.000001,Alotau Urban,Alotau District,Milne Bay Province
2499211846.11692857742,Amanab Rural LLG,PG150412,Vanimo/Green River District,PG1504,West Sepik (Sandaun) Province,PG15,"75",18766.000000,Amanab Rural,Vanimo/Green River District,West Sepik (Sandaun)
3444189818.37621498108,Amazon Bay Rural LLG,PG030101,Abau District,PG0301,Central Province,PG03,"62",13464.000000,Amazon Bay Rural,Abau District,Central
833256121.17489528656,Ambenob Rural LLG,PG130204,Madang District,PG1302,Madang Province,PG13,"142",107456.999999,Ambenob Rural,Madang District,Madang
278454274.78150165081,Ambum Rural LLG,PG080203,Kompiam District,PG0802,Enga Province,PG08,"74",41894.396744,Ambum Rural,Kompiam District,Enga
3499589333.16251373291,Ambunti Rural LLG,PG140101,Ambunti/Drekikier District,PG1401,East Sepik Province,PG14,"75",27003.000000,Ambunti Rural,Ambunti/Drekikier District,East Sepik
514668085.05277150869,Anglimp Rural LLG,PG220101,Anglimp/South Waghi District,PG2201,Jiwaka Province,PG22,"139",97008.999999,Anglimp Rural,Anglimp/South Waghi District,Jiwaka
2657642220.18311929703,Angoram/Middle Sepik LLG,PG140205,Angoram District,PG1402,East Sepik Province,PG14,"53",38867.000001,Angoram/Middle Sepik,Angoram District,East Sepik
2868730462.72464799881,Arabaka Rural LLG,PG130307,Middle Ramu District,PG1303,Madang Province,PG13,"114",47239.000001,Arabaka Rural,Middle Ramu District,Madang
1845669749.96513199806,Arawa LLG,PG200208,Central Bougainville District,PG2002,Autonomous Region of Bougainville,PG20,"189",160276.000003,Arawa,Central Bougainville District,Bougainville
1472416738.15290594101,Aroma Rural LLG,PG030102,Abau District,PG0301,Central Province,PG03,"50",29612.000002,Aroma Rural,Abau District,Central
1689949960.56548547745,Astrolabe Bay Rural LLG,PG130410,Rai Coast District,PG1304,Madang Province,PG13,"58",39226.000000,Astrolabe Bay Rural,Rai Coast District,Madang
18423199.13725876063,Attols LLG,PG200106,North Bougainville District,PG2001,Autonomous Region of Bougainville,PG20,"12",2828.000000,Attols,North Bougainville District,Bougainville
18907455.48581866175,Aua Wuvulu LLG,PG160101,Manus District,PG1601,Manus Province,PG16,"7",1227.000000,Aua Wuvulu,Manus District,Manus
617121575.43006110191,Awi/Pori Rural LLG,PG210514,Koroba/Kopiago District,PG2105,Hela Province,PG21,"90",36814.000000,Awi/Pori Rural,Koroba/Kopiago District,Hela
7368298022.75453567505,Baimuru Rural LLG,PG020207,Kikori District,PG0202,Gulf Province,PG02,"43",15727.000001,Baimuru Rural,Kikori District,Gulf Province
915432733.36162686348,Baiyer Rural LLG,PG090509,Mul/Baiyer District,PG0905,Western Highlands Province,PG09,"63",70430.000000,Baiyer Rural,Mul/Baiyer District,Western Highlands
51968477.57242617756,Balanataman Rural LLG,PG180415,Rabaul District,PG1804,East New Britain Province,PG18,"22",36933.000001,Balanataman Rural,Rabaul District,East New Britain
95570074.76907420158,Bali/Witu Rural LLG,PG190207,Talasea District,PG1902,West New Britain Province,PG19,"38",21414.000001,Bali/Witu Rural,Talasea District,West New Britain
2450317.17824153416,Balimo Urban LLG,PG010101,Middle Fly District,PG0101,Western Province,PG01,"6",10289.000001,Balimo Urban LLG,Middle Fly District,Western
45066528.48185471445,Balopa LLG,PG160111,Manus District,PG1601,Manus Province,PG16,"15",3079.000000,Balopa,Manus District,Manus
9936286141.51497459412,Bamu Rural LLG,PG010102,Middle Fly District,PG0101,Western Province,PG01,"54",20294.354266,Bamu Rural LLG,Delta Fly District,Western
460729027.71945154667,Bana LLG,PG200311,South Bougainville District,PG2003,Autonomous Region of Bougainville,PG20,"90",78808.000001,Bana,South Bougainville District,Bougainville
3913560636.27107715607,Bewani/Wutung Onei Rural LLG,PG150413,Vanimo/Green River District,PG1504,West Sepik (Sandaun) Province,PG15,"62",36200.000000,Bewani/Wutung Onei Rural,Vanimo/Green River District,West Sepik (Sandaun)
2574169995.84897184372,Bialla Rural LLG,PG190206,Talasea District,PG1902,West New Britain Province,PG19,"101",80504.000000,Bialla Rural,Nakanai District,West New Britain
273194875.46990716457,Bisikani/Soparibeu LLG,PG160103,Manus District,PG1601,Manus Province,PG16,"16",7039.000000,Bisikani/Soparibeu,Manus District,Manus
163665651.86934506893,Bitapaka Rural LLG,PG180206,Kokopo District,PG1802,East New Britain Province,PG18,"49",33230.000000,Bitapaka Rural,Kokopo District,East New Britain
964082874.09385442734,Boikin/Dagua Rural LLG,PG140414,Wewak District,PG1404,East Sepik Province,PG14,"66",22349.000000,Boikin/Dagua Rural,Wewak District,East Sepik
294531272.26905059814,Bomai/Gumai Rural LLG,PG100204,Gumine District,PG1002,Chimbu (Simbu) Province,PG10,"41",12373.000000,Bomai/Gumai Rural,Gumine District,Chimbu (Simbu)
557221588.74838221073,Buang Rural LLG,PG120129,Bulolo District,PG1201,Morobe Province,PG12,"28",13210.000000,Buang Rural,Bulolo District,Morobe
1439612217.15200233459,Buin LLG,PG200309,South Bougainville District,PG2003,Autonomous Region of Bougainville,PG20,"111",93583.000000,Buin,South Bougainville District,Bougainville
611888091.96537399292,Buka LLG,PG200104,North Bougainville District,PG2001,Autonomous Region of Bougainville,PG20,"58",96375.000000,Buka,North Bougainville District,Bougainville
165535903.03817203641,Bumbita/Muhian Rural LLG,PG140311,Maprik District,PG1403,East Sepik Province,PG14,"40",24045.000000,Bumbita/Muhian Rural,Maprik District,East Sepik
2343604943.34990358353,Bundi Rural LLG,PG130615,Usino Bundi District,PG1306,Madang Province,PG13,"62",26524.000001,Bundi Rural,Usino Bundi District,Madang
845719446.73739707470,Burui/Kunai Rural LLG,PG140519,Wosera Gawi District,PG1405,East Sepik Province,PG14,"42",20197.000000,Burui/Kunai Rural,Wosera Gawi District,East Sepik
1029970975.26836311817,Burum Kwat LLG,PG120206,Finschafen District,PG1202,Morobe Province,PG12,"54",12061.555981,Hube Rural,Finschafen District,Morobe
409084034.38273084164,Bwanabwana Rural LLG,PG050208,Samarai-Murua District,PG0502,Milne Bay Province,PG05,"35",20658.000000,Bwanabwana Rural,Samarai-Murua District,Milne Bay Province
134120025.61403927207,Central Gazelle Rural LLG,PG180101,Gazelle District,PG1801,East New Britain Province,PG18,"31",45639.000002,Central Gazelle Rural,Gazelle District,East New Britain
1099831780.66095733643,Central Kerema Rural LLG,PG020101,Kerema District,PG0201,Gulf Province,PG02,"47",26704.999999,Central Kerema Rural,Kerema District,Gulf Province
4316371455.86863899231,Central/Inland Pomio LLG,PG180310,Pomio District,PG1803,East New Britain Province,PG18,"98",26014.000000,Central/Inland Pomio,Pomio District,East New Britain
143534768.85099267960,Chuave Rural LLG,PG100101,Chuave District,PG1001,Chimbu (Simbu) Province,PG10,"50",24855.999999,Chuave Rural,Chuave District,Chimbu (Simbu)
2149715585.73201084137,Cloudy Bay Rural LLG,PG030103,Abau District,PG0301,Central Province,PG03,"56",14466.000001,Cloudy Bay Rural,Abau District,Central
640037698.35692048073,Daga Rural LLG,PG050102,Alotau District,PG0501,Milne Bay Province,PG05,"31",12132.000000,Daga Rural,Alotau District,Milne Bay Province
19591969.03636699915,Daru Urban LLG,PG010311,South Fly District,PG0103,Western Province,PG01,"32",19397.000001,Daru Urban LLG,South Fly District,Western
278630012.35779577494,Dei Rural LLG,PG090203,Dei District,PG0902,Western Highlands Province,PG09,"118",53868.513948,Dei Rural,Dei District,Western Highlands
827751340.59788691998,Deyamos Rural LLG,PG120412,Kabwum District,PG1204,Morobe Province,PG12,"64",17843.000000,Deyamos Rural,Kabwum District,Morobe
902799435.00054085255,Dobu Rural LLG,PG050415,Esa'ala District,PG0504,Milne Bay Province,PG05,"40",61274.000000,Dobu Rural,Esa'ala District,Milne Bay Province
653279520.43206560612,Dreikikier Rural LLG,PG140102,Ambunti/Drekikier District,PG1401,East Sepik Province,PG14,"111",36668.000002,Dreikikier Rural,Ambunti/Drekikier District,East Sepik
660532324.68089985847,Duau Rural LLG,PG050416,Esa'ala District,PG0504,Milne Bay Province,PG05,"30",34739.999998,Duau Rural,Esa'ala District,Milne Bay Province
64252210.61896293610,Duke of York Rural LLG,PG180207,Kokopo District,PG1802,East New Britain Province,PG18,"24",19947.999999,Duke of York Rural,Kokopo District,East New Britain
508179723.04487192631,Dunantina Rural LLG,PG110315,Henganofi District,PG1103,Eastern Highlands Province,PG11,"198",39806.758538,Dunantina Rural,Henganofi District,Eastern Highlands
2135679781.03964281082,East Aitape Rural LLG,PG150101,Aitape/Lumi District,PG1501,West Sepik (Sandaun) Province,PG15,"78",54713.999999,East Aitape Rural,Aitape/Lumi District,West Sepik (Sandaun)
577953310.22965133190,East Kerema Rural LLG,PG020102,Kerema District,PG0201,Gulf Province,PG02,"33",19633.999999,East Kerema Rural,Kerema District,Gulf Province
5546095774.11547565460,East Kikori Rural LLG,PG020208,Kikori District,PG0202,Gulf Province,PG02,"49",19129.000000,East Kikori Rural,Kikori District,Gulf Province
1287917938.17100119591,East Okapa Rural LLG,PG110710,Okapa District,PG1107,Eastern Highlands Province,PG11,"113",29966.926300,East Okapa Rural,Okapa District,Eastern Highlands
903803536.85492873192,East Pangia Rural LLG,PG070101,Ialibu/Pangia District,PG0701,Southern Highlands Province,PG07,"85",29205.000000,East Pangia Rural,Ialibu/Pangia District,Southern Highlands
1514622822.50068140030,East Pomio Rural LLG,PG180311,Pomio District,PG1803,East New Britain Province,PG18,"30",8707.000000,East Pomio Rural,Pomio District,East New Britain
828797022.26249313354,East Wapei Rural LLG,PG150102,Aitape/Lumi District,PG1501,West Sepik (Sandaun) Province,PG15,"53",16956.000000,East Wapei Rural,Aitape/Lumi District,West Sepik (Sandaun)
775128509.92325520515,East Yangoru Rural LLG,PG140623,Yangoru Saussia District,PG1406,East Sepik Province,PG14,"49",22909.000000,East Yangoru Rural,Yangoru Saussia District,East Sepik
222619783.72214654088,Elimbari Rural LLG,PG100102,Chuave District,PG1001,Chimbu (Simbu) Province,PG10,"65",18574.903756,Elimbari Rural,Chuave District,Chimbu (Simbu)
2429995734.87826728821,Erave Rural LLG,PG070308,Kagua/Erave District,PG0703,Southern Highlands Province,PG07,"104",23814.000000,Erave Rural,Kagua/Erave District,Southern Highlands
252860265.96191409230,Fayantina Rural LLG,PG110316,Henganofi District,PG1103,Eastern Highlands Province,PG11,"138",27210.936218,Fayantina Rural,Henganofi District,Eastern Highlands
18845809.02675407007,Finschafen Urban LLG,PG120233,Finschafen District,PG1202,Morobe Province,PG12,"9",5746.906132,Finschafen Urban,Finschafen District,Morobe
936343959.83018338680,Gadsup/Tairora Rural LLG,PG110419,Kainanatu District,PG1104,Eastern Highlands Province,PG11,"123",31888.951192,Gadsup/Tairora Rural,Kainanatu District,Eastern Highlands
175199004.31433379650,Gahuku Rural LLG,PG110202,Goroka District,PG1102,Eastern Highlands Province,PG11,"286",109275.266571,Gahuku Rural,Goroka District,Eastern Highlands
1934769269.90657114983,Gama Rural LLG,PG130619,Usino Bundi District,PG1306,Madang Province,PG13,"23",15101.248356,Gama  Rural,Usino Bundi District,Madang
3414276880.46235895157,Gasmata Rural LLG,PG190101,Kandrian/Gloucester District,PG1901,West New Britain Province,PG19,"42",12767.000000,Gasmata Rural,Kandrian/Gloucester District,West New Britain
477345611.02807325125,Gawanga Rural LLG,PG140103,Ambunti/Drekikier District,PG1401,East Sepik Province,PG14,"30",28569.000000,Gawanga Rural,Ambunti/Drekikier District,East Sepik
1384884781.60400176048,Gawi Rural LLG,PG140520,Wosera Gawi District,PG1405,East Sepik Province,PG14,"41",15790.000000,Gawi Rural,Wosera Gawi District,East Sepik
183272215.08036616445,Gena/Waugla Rural LLG,PG100410,Kerowagi District,PG1004,Chimbu (Simbu) Province,PG10,"81",38515.000001,Gena/Waugla Rural,Kerowagi District,Chimbu (Simbu)
1411109844.59233093262,Gloucester Rural LLG,PG190102,Kandrian/Gloucester District,PG1901,West New Britain Province,PG19,"61",16184.000000,Gloucester Rural,Kandrian/Gloucester District,West New Britain
7634217254.54217815399,Gogodala Rural LLG,PG010103,Middle Fly District,PG0101,Western Province,PG01,"70",49798.000001,Gogodala Rural LLG,Delta Fly District,Western
705194032.93960309029,Goodenough Island LLG,PG050313,Kiriwina-Goodenough District,PG0503,Milne Bay Province,PG05,"39",46833.303369,Goodenough Isla,Kiriwina-Goodenough District,Milne Bay Province
6843310.79244253971,Goroka Urban LLG,PG110203,Goroka District,PG1102,Eastern Highlands Province,PG11,"61",31865.999999,Goroka Urban,Goroka District,Eastern Highlands
4339746907.34296703339,Green River Rural LLG,PG150414,Vanimo/Green River District,PG1504,West Sepik (Sandaun) Province,PG15,"70",23757.000000,Green River Rural,Vanimo/Green River District,West Sepik (Sandaun)
2908993475.06920528412,Guari Rural LLG,PG030204,Goilala District,PG0302,Central Province,PG03,"59",5674.000000,Guari Rural,Goilala District,Central
335275192.26636999846,Gumine Rural LLG,PG100205,Gumine District,PG1002,Chimbu (Simbu) Province,PG10,"51",26295.000000,Gumine Rural,Gumine District,Chimbu (Simbu)
235222540.32261630893,Hayapuga Rural LLG,PG210827,Tari/Pori District,PG2108,Hela Province,PG21,"21",75061.999998,Hayapuga Rural,Tari/Pori District,Hela
919644032.23043107986,Higaturu Rural LLG,PG060206,Sohe District,PG0602,Northern (Oro) Province,PG06,"190",72266.000001,Higaturu Rural,Sohe District,Northern (Oro)
1637310847.34872674942,Hiri Rural LLG,PG030307,Kairuku - Hiri District,PG0303,Central Province,PG03,"77",73266.000001,Hiri Rural,Hiri-Koiari District,Central
581232959.94697725773,Hoskins Rural LLG,PG190208,Talasea District,PG1902,West New Britain Province,PG19,"45",42579.000001,Hoskins Rural,Nakanai District,West New Britain
281955182.82431924343,Hube Rural LLG,PG120232,Finschafen District,PG1202,Morobe Province,PG12,"51",20319.727813,Burum Kwat,Finschafen District,Morobe
1476090490.74527120590,Huhu Rural LLG,PG050105,Alotau District,PG0501,Milne Bay Province,PG05,"80",67852.999997,Huhu Rural,Alotau District,Milne Bay Province
1115702547.80115056038,Hulia Rural LLG,PG210411,Komo/Magarima District,PG2104,Hela Province,PG21,"72",121413.999998,Hulia Rural,Hulia District,Hela
84039912.40759856999,Iabu Rural LLG,PG130102,Bogia District,PG1301,Madang Province,PG13,"19",6280.000000,Iabu Rural,Bogia District,Madang
330444988.76996290684,Ialibu Basin Rural LLG,PG070205,Imbonggu District,PG0702,Southern Highlands Province,PG07,"91",35564.000000,Ialibu Basin Rural,Imbonggu District,Southern Highlands
32269786.62903779745,Ialibu Urban LLG,PG070102,Ialibu/Pangia District,PG0701,Southern Highlands Province,PG07,"33",18320.000000,Ialibu Urban,Ialibu/Pangia District,Southern Highlands
3352027534.23403167725,Ihu Rural LLG,PG020209,Kikori District,PG0202,Gulf Province,PG02,"70",23883.000000,Ihu Rural,Kikori District,Gulf Province
461316085.25848966837,Imbongu Rural LLG,PG070206,Imbonggu District,PG0702,Southern Highlands Province,PG07,"41",49374.000001,Imbongu Rural,Imbonggu District,Southern Highlands
942446790.31725740433,Inland Baining Rural LLG,PG180102,Gazelle District,PG1801,East New Britain Province,PG18,"55",38982.999999,Inland Baining Rural,Gazelle District,East New Britain
1585948849.01440978050,Jimi Rural LLG,PG220406,Jimi District,PG2204,Jiwaka Province,PG22,"69",46550.000000,Jimi Rural,Jimi District,Jiwaka
2641987263.03352308273,Josephstaal Rural LLG,PG130308,Middle Ramu District,PG1303,Madang Province,PG13,"94",30538.000000,Josephstaal Rural,Middle Ramu District,Madang
279944725.01718389988,Kafentina Rural LLG,PG110304,Henganofi District,PG1103,Eastern Highlands Province,PG11,"143",36443.305245,Kafentina Rural,Henganofi District,Eastern Highlands
456983824.23779493570,Kagua Rural LLG,PG070309,Kagua/Erave District,PG0703,Southern Highlands Province,PG07,"86",40856.201828,Kagua Rural,Kagua/Erave District,Southern Highlands
2964999.33342843130,Kainantu Urban LLG,PG110406,Kainanatu District,PG1104,Eastern Highlands Province,PG11,"31",15138.000000,Kainantu Urban,Kainanatu District,Eastern Highlands
598563959.31325900555,Kaintiba Rural LLG,PG020103,Kerema District,PG0201,Gulf Province,PG02,"49",16205.000000,Kaintiba Rural,Kerema District,Gulf Province
1730343499.93753695488,Kairuku Rural LLG,PG030308,Kairuku - Hiri District,PG0303,Central Province,PG03,"105",33438.999999,Kairuku Rural,Kairuku - Hiri District,Central
138000861.90103086829,Kamano No. 1 Rural LLG,PG110417,Kainanatu District,PG1104,Eastern Highlands Province,PG11,"43",17676.667976,Kamano No. 1 Rural,Kainanatu District,Eastern Highlands
236116144.55012786388,Kamano No. 2 Rural LLG,PG110405,Kainanatu District,PG1104,Eastern Highlands Province,PG11,"51",13302.714821,Kamano No. 2 Rural,Kainanatu District,Eastern Highlands
858714115.16255521774,Kandep Rural LLG,PG080101,Kandep District,PG0801,Enga Province,PG08,"68",44215.000000,Kandep Rural,Kandep District,Enga
2264485703.93824720383,Kandrian Coastal Rural LLG,PG190103,Kandrian/Gloucester District,PG1901,West New Britain Province,PG19,"57",18582.000000,Kandrian Coastal Rural,Kandrian/Gloucester District,West New Britain
2523429276.26819086075,Kandrian Inland Rural LLG,PG190104,Kandrian/Gloucester District,PG1901,West New Britain Province,PG19,"80",21250.000000,Kandrian Inland Rural,Kandrian/Gloucester District,West New Britain
1472050504.23513793945,Kapao Rural LLG,PG120730,Menyamya District,PG1207,Morobe Province,PG12,"66",44199.864596,Kapao Rural,Menyamya District,Morobe
7649558374.95003223419,Karawari Rural LLG,PG140206,Angoram District,PG1402,East Sepik Province,PG14,"59",27051.000000,Karawari Rural,Angoram District,East Sepik
3012782256.79201030731,Karimui Rural LLG,PG100307,Karimui/Nomane District,PG1003,Chimbu (Simbu) Province,PG10,"86",38585.999999,Karimui Rural,Karimui/Nomane District,Chimbu (Simbu)
191417754.01740542054,Karints Rural LLG,PG070618,Mendi/Munihu District,PG0706,Southern Highlands Province,PG07,"72",40740.000001,Karints Rural,Mendi/Munihu District,Southern Highlands
434921163.24709349871,Karkar Rural LLG,PG130513,Sumkar District,PG1305,Madang Province,PG13,"107",67991.000000,Karkar Rural,Sumkar District,Madang
22642019.32097286731,Kavieng Urban LLG,PG170104,Kavieng District,PG1701,New Ireland Province,PG17,"53",22725.000000,Kavieng Urban,Kavieng District,New Ireland
3430722753.59177446365,Keram Rural LLG,PG140207,Angoram District,PG1402,East Sepik Province,PG14,"71",35462.000000,Keram Rural,Angoram District,East Sepik
1764278.54979011230,Kerema Urban LLG,PG020104,Kerema District,PG0201,Gulf Province,PG02,"12",8527.000000,Kerema Urban,Kerema District,Gulf Province
2099138.45648142695,Kerowagi Urban LLG,PG100420,Kerowagi District,PG1004,Chimbu (Simbu) Province,PG10,"7",7911.204641,Kerowagi Urban,Kerowagi District,Chimbu (Simbu)
256142695.53027781844,Kewabi Rural LLG,PG070103,Ialibu/Pangia District,PG0701,Southern Highlands Province,PG07,"124",38309.000001,Kewabi Rural,Ialibu/Pangia District,Southern Highlands
5087175.18751311675,Kimbe Urban LLG,PG190209,Talasea District,PG1902,West New Britain Province,PG19,"32",23931.999999,Kimbe Urban,Talasea District,West New Britain
1330408946.01907539368,Kira Rural LLG,PG060208,Sohe District,PG0602,Northern (Oro) Province,PG06,"30",3583.000000,Kira Rural,Sohe District,Northern (Oro)
382739490.69031310081,Kiriwina Rural LLG,PG050312,Kiriwina-Goodenough District,PG0503,Milne Bay Province,PG05,"99",51880.000000,Kiriwina Rural,Kiriwina-Goodenough District,Milne Bay Province
7429425752.55906772614,Kiunga Rural LLG,PG010206,North Fly District,PG0102,Western Province,PG01,"75",23549.000000,Kiunga Rural LLG,North Fly District,Western
17051797.16557730362,Kiunga Urban LLG,PG010207,North Fly District,PG0102,Western Province,PG01,"15",26778.000000,Kiunga Urban LLG,North Fly District,Western
2096379294.73218488693,Kiwai Rural LLG,PG010312,South Fly District,PG0103,Western Province,PG01,"51",27533.000000,Kiwai Rural LLG,South Fly District,Western
3457503968.91344356537,Koiari Rural LLG,PG030309,Kairuku - Hiri District,PG0303,Central Province,PG03,"117",32043.000001,Koiari Rural,Hiri-Koiari District,Central
3218363240.36137008667,Kokoda Rural LLG,PG060205,Sohe District,PG0602,Northern (Oro) Province,PG06,"118",29702.000000,Kokoda Rural,Sohe District,Northern (Oro)
134898791.82059726119,Kokopo/Vunamami Urban LLG,PG180208,Kokopo District,PG1802,East New Britain Province,PG18,"46",40231.000001,Kokopo/Vunamami Urban,Kokopo District,East New Britain
586692500.42543113232,Kol Rural LLG,PG220407,Jimi District,PG2204,Jiwaka Province,PG22,"58",19964.000000,Kol Rural,Jimi District,Jiwaka
1090031320.97023177147,Komba Rural LLG,PG120431,Kabwum District,PG1204,Morobe Province,PG12,"35",12971.000000,Komba Rural,Kabwum District,Morobe
26322087.78568576649,Kombiu Rural LLG,PG180416,Rabaul District,PG1804,East New Britain Province,PG18,"21",18356.000000,Kombiu Rural,Rabaul District,East New Britain
1071998668.55177080631,Kome Rural LLG,PG120721,Menyamya District,PG1207,Morobe Province,PG12,"94",38551.000000,Kome Rural,Menyamya District,Morobe
1041310518.45320725441,Komo Rural LLG,PG210412,Komo/Magarima District,PG2104,Hela Province,PG21,"51",86355.999999,Komo Rural,Hulia District,Hela
1914266366.12085819244,Kompiam Rural LLG,PG080204,Kompiam District,PG0802,Enga Province,PG08,"81",35641.065977,Kompiam Rural,Kompiam District,Enga
3127196320.38349390030,Konoagil Rural LLG,PG170207,Namatanai District,PG1702,New Ireland Province,PG17,"52",16734.297439,Konoagil Rural,Namatanai District,New Ireland
2237618498.67822408676,Kotidanga Rural LLG,PG020105,Kerema District,PG0201,Gulf Province,PG02,"54",29197.999999,Kotidanga Rural,Kerema District,Gulf Province
484899147.30441164970,Kotna Rural LLG,PG090214,Dei District,PG0902,Western Highlands Province,PG09,"175",53749.486051,Kotna Rural,Dei District,Western Highlands
390098524.41548651457,Kotte Rural LLG,PG120207,Finschafen District,PG1202,Morobe Province,PG12,"48",16906.000000,Kotte Rural,Finschafen District,Morobe
3583690595.64465093613,Kove/Kaliai Rural LLG,PG190105,Kandrian/Gloucester District,PG1901,West New Britain Province,PG19,"76",27080.000000,Kove/Kaliai Rural,Kandrian/Gloucester District,West New Britain
1686134262.01719474792,Kovon LLG,PG130317,Middle Ramu District,PG1303,Madang Province,PG13,"17",21943.000002,Kovon,Middle Ramu District,Madang
363957650.68005996943,Kuare Rural LLG,PG070310,Kagua/Erave District,PG0703,Southern Highlands Province,PG07,"92",28146.000000,Kuare Rural,Kagua/Erave District,Southern Highlands
3509371.47720635030,Kundiawa Urban LLG,PG100513,Kundiawa/Gembogl District,PG1005,Chimbu (Simbu) Province,PG10,"29",24414.000000,Kundiawa Urban,Kundiawa/Gembogl District,Chimbu (Simbu)
1052181107.70430886745,Kunua LLG,PG200102,North Bougainville District,PG2001,Autonomous Region of Bougainville,PG20,"53",32017.000001,Kunua,North Bougainville District,Bougainville
196194442.90720781684,Kup Rural LLG,PG100412,Kerowagi District,PG1004,Chimbu (Simbu) Province,PG10,"36",21917.000000,Kup Rural,Kerowagi District,Chimbu (Simbu)
838209182.45338511467,Labuta Rural LLG,PG120823,Nawae District,PG1208,Morobe Province,PG12,"33",24544.999999,Labuta Rural,Nawae District,Morobe
43424304.71465421468,Lae Urban LLG,PG120516,Lae District,PG1205,Morobe Province,PG12,"185",110910.999996,Lae Urban,Lae District,Morobe
681284736.58524787426,Lagaip Rural LLG,PG080306,Lagaip/Pogera District,PG0803,Enga Province,PG08,"41",38353.331619,Lagaip Rural,Laigap District,Enga
375518458.51121467352,Lai Valley Rural LLG,PG070619,Mendi/Munihu District,PG0706,Southern Highlands Province,PG07,"97",50273.000002,Lai Valley Rural,Mendi/Munihu District,Southern Highlands
2745662564.34654474258,Lake Kopiago Rural LLG,PG210515,Koroba/Kopiago District,PG2105,Hela Province,PG21,"204",40931.999999,Lake Kopiago Rural,Koroba/Kopiago District,Hela
2789911318.16679430008,Lake Kutubu Rural LLG,PG070722,Nipa/Kutubu District,PG0707,Southern Highlands Province,PG07,"61",29571.000000,Lake Kutubu Rural,Nipa/Kutubu District,Southern Highlands
12634994336.54103279114,Lake Murray Rural LLG,PG010104,Middle Fly District,PG0101,Western Province,PG01,"43",18510.000000,Lake Murray Rural LLG,Middle Fly District,Western
2678422575.68802785873,Lakekamu-Tauri Rural LLG,PG020106,Kerema District,PG0201,Gulf Province,PG02,"46",26681.000001,Lakekamu-Tauri Rural,Kerema District,Gulf Province
699467330.41355943680,Lamari Rural LLG,PG110608,Obura/Wonenara District,PG1106,Eastern Highlands Province,PG11,"117",14073.000000,Lamari Rural,Obura/Wonenara District,Eastern Highlands
2010185328.94521236420,Lassul Baining Rural LLG,PG180103,Gazelle District,PG1801,East New Britain Province,PG18,"48",19390.999999,Lassul Baining Rural,Gazelle District,East New Britain
225947249.45982009172,Lelemadih/Bupichupeu LLG,PG160105,Manus District,PG1601,Manus Province,PG16,"29",9900.000000,Lelemadih/Bupichupeu,Manus District,Manus
115642710.75264850259,Livuan/Reimber Rural LLG,PG180104,Gazelle District,PG1801,East New Britain Province,PG18,"36",38624.999999,Livuan/Reimber Rural,Gazelle District,East New Britain
8150685.66519930493,Lorengau Urban LLG,PG160106,Manus District,PG1601,Manus Province,PG16,"21",11853.000000,Lorengau Urban,Manus District,Manus
51275437.92844186723,Los Negros LLG,PG160107,Manus District,PG1601,Manus Province,PG16,"15",5348.000000,Los Negros,Manus District,Manus
304326193.85399156809,Louisiade Rural LLG,PG050209,Samarai-Murua District,PG0502,Milne Bay Province,PG05,"103",150674.999997,Louisiade Rural,Samarai-Murua District,Milne Bay Province
1263017407.30987167358,Lovongai Rural LLG,PG170102,Kavieng District,PG1701,New Ireland Province,PG17,"85",31882.000000,Lovongai Rural,Kavieng District,New Ireland
181001893.30000260472,Lower Asaro Rural LLG,PG110112,Daulo District,PG1101,Eastern Highlands Province,PG11,"146",60426.215519,Lower Asaro Rural,Daulo District,Eastern Highlands
232755393.89107719064,Lower Benna LLG,PG110811,Unggai/Benna District,PG1108,Eastern Highlands Province,PG11,"138",61446.958506,Lower Benna,Unggai/Benna District,Eastern Highlands
483968035.98576748371,Lower Mendi Rural LLG,PG070207,Imbonggu District,PG0702,Southern Highlands Province,PG07,"138",45347.000000,Lower Mendi Rural,Imbonggu District,Southern Highlands
408073726.84927707911,Lower Wage LLG,PG210413,Komo/Magarima District,PG2104,Hela Province,PG21,"76",42180.650428,Lower Wage,Komo/Magarima District,Hela
166144053.77107495070,Lumusa Rural LLG,PG090510,Mul/Baiyer District,PG0905,Western Highlands Province,PG09,"52",12738.000000,Lumusa Rural,Mul/Baiyer District,Western Highlands
17846079.80387912691,Madang Urban LLG,PG130205,Madang District,PG1302,Madang Province,PG13,"85",53618.000001,Madang Urban,Madang District,Madang
1149759580.88127851486,Maimai Wanwan LLG,PG150217,Nuku District,PG1502,West Sepik (Sandaun) Province,PG15,"22",18654.000000,Maimai Wanwan,Nuku District,West Sepik (Sandaun)
1074028784.58564233780,Maip Muritaka Rural LLG,PG080307,Lagaip/Pogera District,PG0803,Enga Province,PG08,"34",26450.000001,Maip Muritaka Rural,Pogera-Paiela District,Enga
1947415149.65364909172,Makamaka Rural LLG,PG050101,Alotau District,PG0501,Milne Bay Province,PG05,"37",20131.000000,Makamaka Rural,Alotau District,Milne Bay Province
159616206.86316180229,Maprik/Wora Rural LLG,PG140312,Maprik District,PG1403,East Sepik Province,PG14,"39",34280.000000,Maprik/Wora Rural,Maprik District,East Sepik
419302748.85291844606,Maramatana Rural LLG,PG050104,Alotau District,PG0501,Milne Bay Province,PG05,"21",28199.000000,Maramatana Rural,Alotau District,Milne Bay Province
546464759.89696526527,Maramuni Rural LLG,PG080412,Wabag District,PG0804,Enga Province,PG08,"19",7020.000000,Maramuni Rural,Wabag District,Enga
3778483838.73247861862,Marienberg Rural LLG,PG140208,Angoram District,PG1402,East Sepik Province,PG14,"64",37329.999999,Marienberg Rural,Angoram District,East Sepik
604593705.51669859886,Mawase Rural LLG,PG150205,Nuku District,PG1502,West Sepik (Sandaun) Province,PG15,"39",34760.000001,Mawase Rural,Nuku District,West Sepik (Sandaun)
2825212172.28481388092,Mekeo Kuni Rural LLG,PG030310,Kairuku - Hiri District,PG0303,Central Province,PG03,"74",36958.000000,Mekeo Kuni Rural,Kairuku - Hiri District,Central
1414866071.99242782593,Melkoi Rural LLG,PG180312,Pomio District,PG1803,East New Britain Province,PG18,"52",12739.000000,Melkoi Rural,Pomio District,East New Britain
15155534.57968789339,Mendi Urban LLG,PG070620,Mendi/Munihu District,PG0706,Southern Highlands Province,PG07,"39",40918.000000,Mendi Urban,Mendi/Munihu District,Southern Highlands
156579897.92098671198,Mimanalo Rural LLG,PG110214,Goroka District,PG1102,Eastern Highlands Province,PG11,"157",70832.733428,Mimanalo Rural,Goroka District,Eastern Highlands
235483566.34879136086,Mitnande Rural LLG,PG100514,Kundiawa/Gembogl District,PG1005,Chimbu (Simbu) Province,PG10,"79",23537.000000,Mitnande Rural,Kundiawa/Gembogl District,Chimbu (Simbu)
23143791056.80420303345,Morehead Rural LLG,PG010313,South Fly District,PG0103,Western Province,PG01,"72",21617.000000,Morehead Rural LLG,South Fly District,Western
1694671521.80839347839,Morobe Rural LLG,PG120309,Huon District,PG1203,Morobe Province,PG12,"40",26858.000000,Morobe Rural,Huon District,Morobe
1740531030.55021309853,Mosa Rural LLG,PG190210,Talasea District,PG1902,West New Britain Province,PG19,"33",58233.999998,Mosa Rural,Nakanai District,West New Britain
3941742356.66855669022,Mt Bosavi Rural LLG,PG070723,Nipa/Kutubu District,PG0707,Southern Highlands Province,PG07,"54",6162.000000,Mt Bosavi Rural,Nipa/Kutubu District,Southern Highlands
68971302.81129088998,Mt Digine Rural LLG,PG100206,Gumine District,PG1002,Chimbu (Simbu) Province,PG10,"43",23117.000001,Mt Digine Rural,Gumine District,Chimbu (Simbu)
791964169.90289640427,Mt Giluwe Rural LLG,PG090712,Tambul/Nebilyer District,PG0907,Western Highlands Province,PG09,"134",53556.000000,Mt Giluwe Rural,Tambul/Nebilyer District,Western Highlands
301904292.12447774410,Mt Hagen Rural LLG,PG090304,Mt Hagen District,PG0903,Western Highlands Province,PG09,"298",134202.000002,Mt Hagen Rural,Mt Hagen District,Western Highlands
9723569.05537961796,Mt Hagen Urban LLG,PG090305,Mt Hagen District,PG0903,Western Highlands Province,PG09,"70",47063.999998,Mt Hagen Urban,Mt Hagen District,Western Highlands
498309086.75922113657,Mt. Michael Rural LLG,PG110520,Lufa District,PG1105,Eastern Highlands Province,PG11,"86",21660.225559,Mt. Michael Rural,Lufa District,Eastern Highlands
296977495.79099917412,Mul Rural LLG,PG090508,Mul/Baiyer District,PG0905,Western Highlands Province,PG09,"78",54596.999999,Mul Rural,Mul/Baiyer District,Western Highlands
1311770997.39730429649,Mumeng Rural LLG,PG120101,Bulolo District,PG1201,Morobe Province,PG12,"54",32964.000001,Mumeng Rural,Bulolo District,Morobe
390330670.28876245022,Murat Rural LLG,PG170101,Kavieng District,PG1701,New Ireland Province,PG17,"37",4368.000000,Murat Rural,Kavieng District,New Ireland
939060253.64387655258,Murua Rural LLG,PG050211,Samarai-Murua District,PG0502,Milne Bay Province,PG05,"26",45878.999999,Murua Rural,Samarai-Murua District,Milne Bay Province
748742176.22704279423,Nabak Rural LLG,PG120824,Nawae District,PG1208,Morobe Province,PG12,"39",21652.999999,Nabak Rural,Nawae District,Morobe
1170238697.26352691650,Naho Rawa Rural LLG,PG130411,Rai Coast District,PG1304,Madang Province,PG13,"41",17082.000001,Naho Rawa Rural,Rai Coast District,Madang
162700527.92464298010,Nali Sopat/Penabu LLG,PG160108,Manus District,PG1601,Manus Province,PG16,"18",6350.000000,Nali Sopat/Penabu,Manus District,Manus
1252303346.84789752960,Namatanai Rural LLG,PG170205,Namatanai District,PG1702,New Ireland Province,PG17,"85",34241.702561,Namatanai Rural,Namatanai District,New Ireland
2337484763.53094196320,Namea Rural LLG,PG150308,Telefomin District,PG1503,West Sepik (Sandaun) Province,PG15,"32",20330.000001,Namea Rural,Telefomin District,West Sepik (Sandaun)
536070159.39678835869,Nanima Kariba LLG,PG120734,Menyamya District,PG1207,Morobe Province,PG12,"45",35017.135407,Nanima Kariba,Menyamya District,Morobe
266472478.01211133599,National Capital District,PG040101,National Capital District,PG0401,National Capital District,PG04,"485",513917.999999,,,
657534126.92467176914,Nayudo Rural LLG,PG130418,Rai Coast District,PG1304,Madang Province,PG13,"29",19097.400601,Nayudo Rural,Rai Coast District,Madang
1000355108.81621944904,Nebilyer Rural LLG,PG090713,Tambul/Nebilyer District,PG0907,Western Highlands Province,PG09,"69",51196.999999,Nebilyer Rural,Tambul/Nebilyer District,Western Highlands
139742130.75224381685,Nembi Plateau Rural LLG,PG070724,Nipa/Kutubu District,PG0707,Southern Highlands Province,PG07,"21",95221.000000,Nembi Plateau Rural,Nipa/Kutubu District,Southern Highlands
94025302.15222908556,Niglkande Rural LLG,PG100515,Kundiawa/Gembogl District,PG1005,Chimbu (Simbu) Province,PG10,"58",26319.000000,Niglkande Rural,Kundiawa/Gembogl District,Chimbu (Simbu)
32795747.46553179994,Nigoherm LLG,PG160102,Manus District,PG1601,Manus Province,PG16,"9",5379.000000,Nigoherm,Manus District,Manus
218816132.66251781583,Nimamar Rural LLG,PG170209,Namatanai District,PG1702,New Ireland Province,PG17,"50",30688.000000,Nimamar Rural,Namatanai District,New Ireland
2355322804.55557203293,Ningerum Rural LLG,PG010208,North Fly District,PG0102,Western Province,PG01,"85",26058.000001,Ningerum Rural LLG,North Fly District,Western
486934072.41254729033,Nipa Rural LLG,PG070725,Nipa/Kutubu District,PG0707,Southern Highlands Province,PG07,"243",117302.000001,Nipa Rural,Nipa/Kutubu District,Southern Highlands
37144509.75204332173,Nissan LLG,PG200105,North Bougainville District,PG2001,Autonomous Region of Bougainville,PG20,"30",8426.000000,Nissan,North Bougainville District,Bougainville
21352376482.75238418579,Nomad Rural LLG,PG010105,Middle Fly District,PG0101,Western Province,PG01,"82",23076.000000,Nomad Rural LLG,Middle Fly District,Western
269850490.14360445738,Nomane Rural LLG,PG100308,Karimui/Nomane District,PG1003,Chimbu (Simbu) Province,PG10,"46",9443.000000,Nomane Rural,Karimui/Nomane District,Chimbu (Simbu)
153386826.60279640555,Nondugl Rural LLG,PG220615,North Waghi District,PG2206,Jiwaka Province,PG22,"101",48865.940697,Nondugl Rural,North Waghi District,Jiwaka
1850757341.70439219475,North Koroba Rural LLG,PG210516,Koroba/Kopiago District,PG2105,Hela Province,PG21,"85",40224.000000,North Koroba Rural,Koroba/Kopiago District,Hela
316938345.89208662510,North Waghi Rural LLG,PG220611,North Waghi District,PG2206,Jiwaka Province,PG22,"171",89238.059302,North Waghi Rural,North Waghi District,Jiwaka
438957161.38925743103,North Wosera Rural LLG,PG140521,Wosera Gawi District,PG1405,East Sepik Province,PG14,"37",27276.999999,North Wosera Rural,Wosera Gawi District,East Sepik
254420464.93161499500,Numbor Rural LLG,PG140624,Yangoru Saussia District,PG1406,East Sepik Province,PG14,"48",17112.000000,Numbor Rural,Yangoru Saussia District,East Sepik
3496738691.66532087326,Oksapmin Rural LLG,PG150309,Telefomin District,PG1503,West Sepik (Sandaun) Province,PG15,"25",31631.000000,Oksapmin Rural,Telefomin District,West Sepik (Sandaun)
3639061946.39825534821,Olsobip Rural LLG,PG010209,North Fly District,PG0102,Western Province,PG01,"34",6720.000000,Olsobip Rural LLG,North Fly District,Western
1709323618.80472660065,Onga/Waffa Rural LLG,PG120617,Markham District,PG1206,Morobe Province,PG12,"41",15970.999999,Onga/Waffa Rural,Markham District,Morobe
6284671630.21016597748,Oriomo-Bituri Rural LLG,PG010314,South Fly District,PG0103,Western Province,PG01,"66",15888.000000,Oriomo-Bituri Rural LLG,South Fly District,Western
1602044753.49001884460,Oro Bay Rural LLG,PG060101,Ijivitari District,PG0601,Northern (Oro) Province,PG06,"128",41507.000001,Oro Bay Rural,Popondentta District,Northern (Oro)
1945259686.89920926094,Paiela/Hewa Rural LLG,PG080308,Lagaip/Pogera District,PG0803,Enga Province,PG08,"26",13699.000000,Paiela/Hewa Rural,Pogera-Paiela District,Enga
1010823020.34004938602,Palmai Rural LLG,PG150206,Nuku District,PG1502,West Sepik (Sandaun) Province,PG15,"53",23184.000000,Palmai Rural,Nuku District,West Sepik (Sandaun)
575060712.28101348877,Pilikambi Rural LLG,PG080315,Lagaip/Pogera District,PG0803,Enga Province,PG08,"49",31417.668383,Pilikambi Rural,Laigap District,Enga
558853948.05850350857,Pobuma LLG,PG160110,Manus District,PG1601,Manus Province,PG16,"19",8102.000000,Pobuma,Manus District,Manus
459558982.27166062593,Pomutu/Kurti/Andra LLG,PG160104,Manus District,PG1601,Manus Province,PG16,"19",8205.000000,Pomutu/Kurti/Andra,Manus District,Manus
443849372.19364595413,Popondetta Urban LLG,PG060104,Ijivitari District,PG0601,Northern (Oro) Province,PG06,"92",42363.000000,Popondetta Urban,Popondentta District,Northern (Oro)
536995887.86304605007,Porgera Rural LLG,PG080309,Lagaip/Pogera District,PG0803,Enga Province,PG08,"42",81121.000000,Porgera Rural,Pogera-Paiela District,Enga
309045124.55660372972,Poroma Rural LLG,PG070726,Nipa/Kutubu District,PG0707,Southern Highlands Province,PG07,"246",94347.999999,Poroma Rural,Nipa/Kutubu District,Southern Highlands
11813227.65487883799,Rabaul Urban LLG,PG180417,Rabaul District,PG1804,East New Britain Province,PG18,"31",4960.000000,Rabaul Urban,Rabaul District,East New Britain
2177762583.21627187729,Rai Coast Rural LLG,PG130412,Rai Coast District,PG1304,Madang Province,PG13,"157",40048.599399,Rai Coast Rural,Rai Coast District,Madang
40271683.69912494719,Raluana Rural LLG,PG180209,Kokopo District,PG1802,East New Britain Province,PG18,"21",23654.999998,Raluana Rural,Kokopo District,East New Britain
131291547.02313095331,Rapatona LLG,PG160112,Manus District,PG1601,Manus Province,PG16,"18",4086.000000,Rapatona,Manus District,Manus
1252153266.99419903755,Rigo Central Rural LLG,PG030411,Rigo District,PG0304,Central Province,PG03,"62",22402.000000,Rigo Central Rural,Rigo District,Central
518628504.35582691431,Rigo Coastal Rural LLG,PG030412,Rigo District,PG0304,Central Province,PG03,"30",26178.000000,Rigo Coastal Rural,Rigo District,Central
3243682441.58775568008,Rigo Inland Rural LLG,PG030413,Rigo District,PG0304,Central Province,PG03,"138",24142.000000,Rigo Inland Rural,Rigo District,Central
5519079875.05069351196,Safia Rural LLG,PG060109,Ijivitari District,PG0601,Northern (Oro) Province,PG06,"56",9812.086050,Safia Rural,Ijivitari District,Northern (Oro)
1254328489.88664007187,Salamaua Rural LLG,PG120310,Huon District,PG1203,Morobe Province,PG12,"55",17756.000000,Salamaua Rural,Huon District,Morobe
209860824.10063171387,Salt Rural LLG,PG100309,Karimui/Nomane District,PG1003,Chimbu (Simbu) Province,PG10,"56",19570.000000,Salt Rural,Karimui/Nomane District,Chimbu (Simbu)
1338078296.27925634384,Sausso Rural LLG,PG140625,Yangoru Saussia District,PG1406,East Sepik Province,PG14,"41",15734.000000,Sausso Rural,Yangoru Saussia District,East Sepik
442990112.64468920231,Selau/Suir LLG,PG200103,North Bougainville District,PG2001,Autonomous Region of Bougainville,PG20,"42",30930.999998,Selau/Suir,North Bougainville District,Bougainville
306399077.00226426125,Selepet Rural LLG,PG120435,Kabwum District,PG1204,Morobe Province,PG12,"27",15910.000000,Selepet Rural,Kabwum District,Morobe
1817723268.28541374207,Sentral Niu Ailan Rural LLG,PG170206,Namatanai District,PG1702,New Ireland Province,PG17,"109",37894.999999,Sentral Niu Ailan Rural,Namatanai District,New Ireland
876446509.97537016869,Sialum Rural LLG,PG120926,Tawae/Siassi District,PG1209,Morobe Province,PG12,"63",24595.000000,Sialum Rural,Tawae/Siassi District,Morobe
202563136.04456457496,Siane Rural LLG,PG100103,Chuave District,PG1001,Chimbu (Simbu) Province,PG10,"92",19564.096244,Siane Rural,Chuave District,Chimbu (Simbu)
965557882.75661909580,Siassi Rural LLG,PG120927,Tawae/Siassi District,PG1209,Morobe Province,PG12,"44",10722.000000,Siassi Rural,Tawae/Siassi District,Morobe
584535367.60972511768,Simbai Rural LLG,PG130309,Middle Ramu District,PG1303,Madang Province,PG13,"27",32447.999999,Simbai Rural,Middle Ramu District,Madang
2436652289.84455251694,Sinivit Rural LLG,PG180313,Pomio District,PG1803,East New Britain Province,PG18,"62",26661.999999,Sinivit Rural,Pomio District,East New Britain
731446634.66072106361,Siwai LLG,PG200310,South Bougainville District,PG2003,Autonomous Region of Bougainville,PG20,"93",34249.000000,Siwai,South Bougainville District,Bougainville
253865220.08225747943,South Koroba Rural LLG,PG210517,Koroba/Kopiago District,PG2105,Hela Province,PG21,"73",86423.000002,South Koroba Rural,Koroba/Kopiago District,Hela
1706817226.79018759727,South Waghi Rural LLG,PG220102,Anglimp/South Waghi District,PG2201,Jiwaka Province,PG22,"308",149869.000001,South Waghi Rural,Anglimp/South Waghi District,Jiwaka
459772523.97513169050,South Wosera Rural LLG,PG140522,Wosera Gawi District,PG1405,East Sepik Province,PG14,"60",34606.000000,South Wosera Rural,Wosera Gawi District,East Sepik
1581789074.58970975876,Star Mountains Rural LLG,PG010210,North Fly District,PG0102,Western Province,PG01,"32",25153.999999,Star Mountains Rural LLG,North Fly District,Western
155168414.97650361061,Suai Rural LLG,PG100618,Sina Sina Yonggomugl District,PG1006,Chimbu (Simbu) Province,PG10,"77",24944.000001,Suai Rural,Sina Sina Yonggomugl District,Chimbu (Simbu)
1828784279.40840101242,Suau Rural LLG,PG050106,Alotau District,PG0501,Milne Bay Province,PG05,"36",27304.000001,Suau Rural,Alotau District,Milne Bay Province
1501533273.91941094398,Sumgilbar Rural LLG,PG130514,Sumkar District,PG1305,Madang Province,PG13,"124",54914.000000,Sumgilbar Rural,Sumkar District,Madang
80862237.51991972327,Tabare Rural LLG,PG100617,Sina Sina Yonggomugl District,PG1006,Chimbu (Simbu) Province,PG10,"65",24732.000000,Tabare Rural,Sina Sina Yonggomugl District,Chimbu (Simbu)
534954983.85841715336,Tagali Rural LLG,PG210828,Tari/Pori District,PG2108,Hela Province,PG21,"24",46767.999999,Tagali Rural,Tari/Pori District,Hela
2174546891.38929796219,Talasea Rural LLG,PG190211,Talasea District,PG1902,West New Britain Province,PG19,"50",33817.000001,Talasea Rural,Talasea District,West New Britain
4355279397.03618907928,Tamata Rural LLG,PG060207,Sohe District,PG0602,Northern (Oro) Province,PG06,"92",24884.000000,Tamata Rural,Sohe District,Northern (Oro)
174549849.97054705024,Tanir Rural LLG,PG170208,Namatanai District,PG1702,New Ireland Province,PG17,"38",15271.000000,Tanir Rural,Namatanai District,New Ireland
1494920692.76306843758,Tapini Rural LLG,PG030205,Goilala District,PG0302,Central Province,PG03,"69",19087.000000,Tapini Rural,Goilala District,Central
22272710.32751482725,Tari Urban LLG,PG210829,Tari/Pori District,PG2108,Hela Province,PG21,"16",94822.999998,Tari Urban,Tari/Pori District,Hela
268073581.18042638898,Tebi Rural LLG,PG210830,Tari/Pori District,PG2108,Hela Province,PG21,"18",58303.999999,Tebi Rural,Tari/Pori District,Hela
3833684836.80500602722,Telefomin Rural LLG,PG150310,Telefomin District,PG1503,West Sepik (Sandaun) Province,PG15,"70",18436.000000,Telefomin Rural,Telefomin District,West Sepik (Sandaun)
171801849.43414315581,Tetidu LLG,PG160109,Manus District,PG1601,Manus Province,PG16,"13",3979.000000,Tetidu,Manus District,Manus
1311256671.38931655884,Tikana Rural LLG,PG170103,Kavieng District,PG1701,New Ireland Province,PG17,"92",38546.000001,Tikana Rural,Kavieng District,New Ireland
630652731.66602683067,Tinputz LLG,PG200101,North Bougainville District,PG2001,Autonomous Region of Bougainville,PG20,"56",32581.000000,Tinputz,North Bougainville District,Bougainville
970335494.71773600578,Torokina LLG,PG200312,South Bougainville District,PG2003,Autonomous Region of Bougainville,PG20,"51",10253.000000,Torokina,South Bougainville District,Bougainville
1845023577.36856675148,Transgogol Rural LLG,PG130206,Madang District,PG1302,Madang Province,PG13,"85",30217.000000,Transgogol Rural,Madang District,Madang
468677452.25583213568,Tsak Rural LLG,PG080514,Wapenamanda District,PG0805,Enga Province,PG08,"34",26494.000002,Tsak Rural,Wapenamanda District,Enga
2506365909.42192411423,Tufi Rural LLG,PG060102,Ijivitari District,PG0601,Northern (Oro) Province,PG06,"108",26166.999999,Tufi Rural,Ijivitari District,Northern (Oro)
10209115547.84278678894,Tunap/Hustein LLG,PG140104,Ambunti/Drekikier District,PG1401,East Sepik Province,PG14,"86",19184.000000,Tunap/Hustein,Ambunti/Drekikier District,East Sepik
774678220.65484297276,Turubu Rural LLG,PG140415,Wewak District,PG1404,East Sepik Province,PG14,"56",17991.000000,Turubu Rural LLG,Wewak District,East Sepik
1665030789.05591392517,Umi/Atzera Rural LLG,PG120618,Markham District,PG1206,Morobe Province,PG12,"129",66894.000000,Umi/Atzera Rural,Markham District,Morobe
584605218.44716155529,Unavi Rural LLG,PG110507,Lufa District,PG1105,Eastern Highlands Province,PG11,"33",6847.000000,Unavi Rural,Lufa District,Eastern Highlands
265544444.06589737535,Unggai Rural LLG,PG110824,Unggai/Benna District,PG1108,Eastern Highlands Province,PG11,"115",33812.000001,Unggai  Rural,Unggai/Benna District,Eastern Highlands
260505646.39534208179,Upper Asaro Rural LLG,PG110113,Daulo District,PG1101,Eastern Highlands Province,PG11,"62",18334.953876,Upper Asaro Rural,Daulo District,Eastern Highlands
405633932.51458352804,Upper Bena Rural LLG,PG110823,Unggai/Benna District,PG1108,Eastern Highlands Province,PG11,"157",37411.041493,Upper Bena Rural,Unggai/Benna District,Eastern Highlands
549178927.25978815556,Upper Mendi Rural LLG,PG070621,Mendi/Munihu District,PG0706,Southern Highlands Province,PG07,"27",57299.000000,Upper Mendi Rural,Mendi/Munihu District,Southern Highlands
670925667.28198838234,Upper Wage LLG,PG210431,Komo/Magarima District,PG2104,Hela Province,PG21,"88",35841.349571,Upper Wage,Komo/Magarima District,Hela
226439313.62715908885,Upper/Lower Koronigl LLG,PG100411,Kerowagi District,PG1004,Chimbu (Simbu) Province,PG10,"89",54701.795359,Upper/Lower Koronigl,Kerowagi District,Chimbu (Simbu)
2830309620.15281772614,Usino Rural LLG,PG130616,Usino Bundi District,PG1306,Madang Province,PG13,"117",74459.751645,Usino Rural,Usino Bundi District,Madang
10416707.24894245155,Vanimo Urban LLG,PG150415,Vanimo/Green River District,PG1504,West Sepik (Sandaun) Province,PG15,"26",26495.000000,Vanimo Urban,Vanimo/Green River District,West Sepik (Sandaun)
165170445.06635087729,Vunadidir/Toma Rural LLG,PG180105,Gazelle District,PG1801,East New Britain Province,PG18,"37",41836.000000,Vunadidir/Toma Rural,Gazelle District,East New Britain
399785231.88947117329,Wabag Rural LLG,PG080411,Wabag District,PG0804,Enga Province,PG08,"106",110279.000000,Wabag Rural,Wabag District,Enga
1103298.84118588478,Wabag Urban LLG,PG080410,Wabag District,PG0804,Enga Province,PG08,"13",7064.000000,Wabag Urban,Wabag District,Enga
1159291402.44223952293,Wage Rural LLG,PG080102,Kandep District,PG0801,Enga Province,PG08,"116",47865.000000,Wage Rural,Kandep District,Enga
914617764.95603036880,Wain-Erap Rural LLG,PG120825,Nawae District,PG1208,Morobe Province,PG12,"80",57188.000002,Wain-Erap Rural,Nawae District,Morobe
105457815.14824205637,Waiye LLG,PG100516,Kundiawa/Gembogl District,PG1005,Chimbu (Simbu) Province,PG10,"77",62328.000000,Waiye,Kundiawa/Gembogl District,Chimbu (Simbu)
1159037361.61653709412,Wakunai LLG,PG200207,Central Bougainville District,PG2002,Autonomous Region of Bougainville,PG20,"84",61104.000002,Wakunai,Central Bougainville District,Bougainville
1965502331.13143968582,Walsa Rural LLG,PG150416,Vanimo/Green River District,PG1504,West Sepik (Sandaun) Province,PG15,"40",12835.000000,Walsa Rural,Vanimo/Green River District,West Sepik (Sandaun)
2685258550.55883169174,Wampar Rural LLG,PG120311,Huon District,PG1203,Morobe Province,PG12,"135",137823.999998,Wampar Rural,Huon District,Morobe
1113722898.83630251884,Wantoat/Leron Rural LLG,PG120619,Markham District,PG1206,Morobe Province,PG12,"103",26895.000000,Wantoat/Leron Rural,Markham District,Morobe
546063427.52496588230,Wapenamanda Rural LLG,PG080513,Wapenamanda District,PG0805,Enga Province,PG08,"74",52177.999999,Wapenamanda Rural,Wapenamanda District,Enga
735913880.55279076099,Wapi-Yengis Rural LLG,PG080205,Kompiam District,PG0802,Enga Province,PG08,"21",7368.537280,Wapi-Yengis Rural,Kompiam District,Enga
593535890.19242155552,Wapi Rural LLG,PG120722,Menyamya District,PG1207,Morobe Province,PG12,"49",33073.000000,Wapi Rural,Menyamya District,Morobe
3170513347.77784490585,Waria Rural LLG,PG120102,Bulolo District,PG1201,Morobe Province,PG12,"60",17276.000000,Waria Rural,Wau-Waria District,Morobe
815458599.12377381325,Wasu Rural LLG,PG120928,Tawae/Siassi District,PG1209,Morobe Province,PG12,"46",22735.000000,Wasu Rural,Tawae/Siassi District,Morobe
168106557.87468335032,Watabung Rural LLG,PG110101,Daulo District,PG1101,Eastern Highlands Province,PG11,"75",17256.830603,Watabung Rural,Daulo District,Eastern Highlands
13166975.27768982016,Watom Island Rual LLG,PG180418,Rabaul District,PG1804,East New Britain Province,PG18,"7",3682.000000,Watom Island Rual,Rabaul District,East New Britain
1358079354.08296942711,Watut Rural LLG,PG120103,Bulolo District,PG1201,Morobe Province,PG12,"58",37930.999999,Watut Rural,Bulolo District,Morobe
2346922135.20196962357,Wau Rural LLG,PG120105,Bulolo District,PG1201,Morobe Province,PG12,"121",48596.999999,Wau Rural,Wau-Waria District,Morobe
17821820.74131662771,Wau/Bulolo Urban LLG,PG120104,Bulolo District,PG1201,Morobe Province,PG12,"45",21028.000000,Wau/Bulolo Urban,Bulolo District,Morobe
1616084449.21461892128,Weraura Rural LLG,PG050103,Alotau District,PG0501,Milne Bay Province,PG05,"63",20834.000000,Weraura Rural,Alotau District,Milne Bay Province
1912805979.06496548653,West Aitape Rural LLG,PG150103,Aitape/Lumi District,PG1501,West Sepik (Sandaun) Province,PG15,"31",28689.000000,West Aitape Rural,Aitape/Lumi District,West Sepik (Sandaun)
739710026.86084496975,West Ferguson Rural LLG,PG050414,Esa'ala District,PG0504,Milne Bay Province,PG05,"26",38891.000000,West Ferguson Rural,Esa'ala District,Milne Bay Province
11044560478.03807067871,West Kikori Rural LLG,PG020210,Kikori District,PG0202,Gulf Province,PG02,"43",15699.000000,West Kikori Rural,Kikori District,Gulf Province
846020353.73086404800,West Okapa Rural LLG,PG110722,Okapa District,PG1107,Eastern Highlands Province,PG11,"95",19192.073700,West Okapa Rural,Okapa District,Eastern Highlands
1734296355.21227359772,West Pomio/Mamusi Rural LLG,PG180314,Pomio District,PG1803,East New Britain Province,PG18,"85",17578.000000,West Pomio/Mamusi Rural,Pomio District,East New Britain
951638327.33301198483,West Wapei Rural LLG,PG150104,Aitape/Lumi District,PG1501,West Sepik (Sandaun) Province,PG15,"56",17253.000000,West Wapei Rural,Aitape/Lumi District,West Sepik (Sandaun)
219147160.39176642895,West Yangoru Rural LLG,PG140626,Yangoru Saussia District,PG1406,East Sepik Province,PG14,"41",21996.000001,West Yangoru Rural,Yangoru Saussia District,East Sepik
159969975.97772383690,Wewak Islands Rural LLG,PG140416,Wewak District,PG1404,East Sepik Province,PG14,"59",13823.000000,Wewak Islands Rural,Wewak District,East Sepik
392569197.78363662958,Wewak Rural LLG,PG140417,Wewak District,PG1404,East Sepik Province,PG14,"51",26922.000001,Wewak Rural LLG,Wewak District,East Sepik
19355255.45283369720,Wewak Urban LLG,PG140418,Wewak District,PG1404,East Sepik Province,PG14,"74",52094.000000,Wewak Urban,Wewak District,East Sepik
943242369.16837871075,Wiru Rural LLG,PG070104,Ialibu/Pangia District,PG0701,Southern Highlands Province,PG07,"134",36876.000000,Wiru Rural,Ialibu/Pangia District,Southern Highlands
3423717504.14654350281,Woitape Rural LLG,PG030206,Goilala District,PG0302,Central Province,PG03,"62",32037.000001,Woitape Rural,Goilala District,Central
695869248.23845076561,Yabim Mape Rural LLG,PG120208,Finschafen District,PG1202,Morobe Province,PG12,"57",21074.810073,Yabim Mape Rural,Finschafen District,Morobe
280330204.90982091427,Yagaria Rural LLG,PG110521,Lufa District,PG1105,Eastern Highlands Province,PG11,"84",30562.774441,Yagaria Rural,Lufa District,Eastern Highlands
1248659376.83941125870,Yaleyemba Rural LLG,PG050210,Samarai-Murua District,PG0502,Milne Bay Province,PG05,"75",101016.000002,Yaleyemba Rural,Samarai-Murua District,Milne Bay Province
336379640.34662520885,Yamil/Tamaui Rural LLG,PG140313,Maprik District,PG1403,East Sepik Province,PG14,"38",25671.000001,Yamil/Tamaui Rural,Maprik District,East Sepik
754690024.37839710712,Yangkok Rural LLG,PG150207,Nuku District,PG1502,West Sepik (Sandaun) Province,PG15,"57",30146.000001,Yangkok Rural,Nuku District,West Sepik (Sandaun)
4139792577.36552953720,Yapsie Rural LLG,PG150311,Telefomin District,PG1503,West Sepik (Sandaun) Province,PG15,"42",8664.000000,Yapsie Rural,Telefomin District,West Sepik (Sandaun)
2237436779.88705301285,Yawar Rural LLG,PG130103,Bogia District,PG1301,Madang Province,PG13,"125",65892.000000,Yawar Rural,Bogia District,Madang
2120768084.77917122841,Yelia Rural LLG,PG110609,Obura/Wonenara District,PG1106,Eastern Highlands Province,PG11,"126",10574.000000,Yelia Rural,Obura/Wonenara District,Eastern Highlands
87720493.60432164371,Yonggomugl Rural LLG,PG100619,Sina Sina Yonggomugl District,PG1006,Chimbu (Simbu) Province,PG10,"58",33759.000000,Yonggomugl Rural,Sina Sina Yonggomugl District,Chimbu (Simbu)
2336997106.57506322861,Yuat Rural LLG,PG140209,Angoram District,PG1402,East Sepik Province,PG14,"35",18186.999999,Yuat Rural,Angoram District,East Sepik
1297093235.25721359253,Yus Rural LLG,PG120414,Kabwum District,PG1204,Morobe Province,PG12,"37",16490.000000,Yus Rural,Kabwum District,Morobe
