ADM3_EN,ADM3_PCODE,ADM2_PCODE,ADM1_PCODE,Totpop2021_count,Totpop2021_sum,LLG,ADM3_EN_2,District,Province
Afore Rural LLG,PG060103,PG0601,PG06,"71",20908.913951,Afore Rural,Afore Rural LLG,Ijivitari District,Northern (Oro)
Agarabi Rural LLG,PG110418,PG1104,PG11,"79",29529.666012,Agarabi Rural,Agarabi Rural LLG,Kainanatu District,Eastern Highlands
Ahi Rural LLG,PG120515,PG1205,PG12,"57",114071.999993,Ahi Rural,Ahi Rural LLG,Lae District,Morobe
Aiya Rural LLG,PG070332,PG0703,PG07,"143",49660.798172,Aiya Rural,Aiya Rural LLG,Kagua/Erave District,Southern Highlands
Albiges/Mablep Rural LLG,PG140310,PG1403,PG14,"41",20401.000000,Albiges/Mablep Rural,Albiges/Mablep Rural LLG,Maprik District,East Sepik
Almami Rural LLG,PG130101,PG1301,PG13,"90",47731.000001,Almami Rural,Almami Rural LLG,Bogia District,Madang
Alotau Urban LLG,PG050107,PG0501,PG05,"23",17109.000001,Alotau Urban,Alotau Urban LLG,Alotau District,Milne Bay Province
Amanab Rural LLG,PG150412,PG1504,PG15,"75",18766.000000,Amanab Rural,Amanab Rural LLG,Vanimo/Green River District,West Sepik (Sandaun)
Amazon Bay Rural LLG,PG030101,PG0301,PG03,"62",13464.000000,Amazon Bay Rural,Amazon Bay Rural LLG,Abau District,Central
Ambenob Rural LLG,PG130204,PG1302,PG13,"142",107456.999999,Ambenob Rural,Ambenob Rural LLG,Madang District,Madang
Ambum Rural LLG,PG080203,PG0802,PG08,"74",41894.396744,Ambum Rural,Ambum Rural LLG,Kompiam District,Enga
Ambunti Rural LLG,PG140101,PG1401,PG14,"75",27003.000000,Ambunti Rural,Ambunti Rural LLG,Ambunti/Drekikier District,East Sepik
Anglimp Rural LLG,PG220101,PG2201,PG22,"139",97008.999999,Anglimp Rural,Anglimp Rural LLG,Anglimp/South Waghi District,Jiwaka
Angoram/Middle Sepik LLG,PG140205,PG1402,PG14,"53",38867.000001,Angoram/Middle Sepik,Angoram/Middle Sepik LLG,Angoram District,East Sepik
Arabaka Rural LLG,PG130307,PG1303,PG13,"114",47239.000001,Arabaka Rural,Arabaka Rural LLG,Middle Ramu District,Madang
Arawa LLG,PG200208,PG2002,PG20,"189",160276.000003,Arawa,Arawa LLG,Central Bougainville District,Bougainville
Aroma Rural LLG,PG030102,PG0301,PG03,"50",29612.000002,Aroma Rural,Aroma Rural LLG,Abau District,Central
Astrolabe Bay Rural LLG,PG130410,PG1304,PG13,"58",39226.000000,Astrolabe Bay Rural,Astrolabe Bay Rural LLG,Rai Coast District,Madang
Attols LLG,PG200106,PG2001,PG20,"12",2828.000000,Attols,Attols LLG,North Bougainville District,Bougainville
Aua Wuvulu LLG,PG160101,PG1601,PG16,"7",1227.000000,Aua Wuvulu,Aua Wuvulu LLG,Manus District,Manus
Awi/Pori Rural LLG,PG210514,PG2105,PG21,"90",36814.000000,Awi/Pori Rural,Awi/Pori Rural LLG,Koroba/Kopiago District,Hela
Baimuru Rural LLG,PG020207,PG0202,PG02,"43",15727.000001,Baimuru Rural,Baimuru Rural LLG,Kikori District,Gulf Province
Baiyer Rural LLG,PG090509,PG0905,PG09,"63",70430.000000,Baiyer Rural,Baiyer Rural LLG,Mul/Baiyer District,Western Highlands
Balanataman Rural LLG,PG180415,PG1804,PG18,"22",36933.000001,Balanataman Rural,Balanataman Rural LLG,Rabaul District,East New Britain
Bali/Witu Rural LLG,PG190207,PG1902,PG19,"38",21414.000001,Bali/Witu Rural,Bali/Witu Rural LLG,Talasea District,West New Britain
Balimo Urban LLG,PG010101,PG0101,PG01,"6",10289.000001,Balimo Urban LLG,Balimo Urban LLG,Middle Fly District,Western
Balopa LLG,PG160111,PG1601,PG16,"15",3079.000000,Balopa,Balopa LLG,Manus District,Manus
Bamu Rural LLG,PG010102,PG0101,PG01,"54",20294.354266,Bamu Rural LLG,Bamu Rural LLG,Delta Fly District,Western
Bana LLG,PG200311,PG2003,PG20,"90",78808.000001,Bana,Bana LLG,South Bougainville District,Bougainville
Bewani/Wutung Onei Rural LLG,PG150413,PG1504,PG15,"62",36200.000000,Bewani/Wutung Onei Rural,Bewani/Wutung Onei Rural LLG,Vanimo/Green River District,West Sepik (Sandaun)
Bialla Rural LLG,PG190206,PG1902,PG19,"101",80504.000000,Bialla Rural,Bialla Rural LLG,Nakanai District,West New Britain
Bisikani/Soparibeu LLG,PG160103,PG1601,PG16,"16",7039.000000,Bisikani/Soparibeu,Bisikani/Soparibeu LLG,Manus District,Manus
Bitapaka Rural LLG,PG180206,PG1802,PG18,"49",33230.000000,Bitapaka Rural,Bitapaka Rural LLG,Kokopo District,East New Britain
Boikin/Dagua Rural LLG,PG140414,PG1404,PG14,"66",22349.000000,Boikin/Dagua Rural,Boikin/Dagua Rural LLG,Wewak District,East Sepik
Bomai/Gumai Rural LLG,PG100204,PG1002,PG10,"41",12373.000000,Bomai/Gumai Rural,Bomai/Gumai Rural LLG,Gumine District,Chimbu (Simbu)
Buang Rural LLG,PG120129,PG1201,PG12,"28",13210.000000,Buang Rural,Buang Rural LLG,Bulolo District,Morobe
Buin LLG,PG200309,PG2003,PG20,"111",93583.000000,Buin,Buin LLG,South Bougainville District,Bougainville
Buka LLG,PG200104,PG2001,PG20,"58",96375.000000,Buka,Buka LLG,North Bougainville District,Bougainville
Bumbita/Muhian Rural LLG,PG140311,PG1403,PG14,"40",24045.000000,Bumbita/Muhian Rural,Bumbita/Muhian Rural LLG,Maprik District,East Sepik
Bundi Rural LLG,PG130615,PG1306,PG13,"62",26524.000001,Bundi Rural,Bundi Rural LLG,Usino Bundi District,Madang
Burui/Kunai Rural LLG,PG140519,PG1405,PG14,"42",20197.000000,Burui/Kunai Rural,Burui/Kunai Rural LLG,Wosera Gawi District,East Sepik
Burum Kwat LLG,PG120206,PG1202,PG12,"54",12061.555981,Hube Rural,Burum Kwat LLG,Finschafen District,Morobe
Bwanabwana Rural LLG,PG050208,PG0502,PG05,"35",20658.000000,Bwanabwana Rural,Bwanabwana Rural LLG,Samarai-Murua District,Milne Bay Province
Central Gazelle Rural LLG,PG180101,PG1801,PG18,"31",45639.000002,Central Gazelle Rural,Central Gazelle Rural LLG,Gazelle District,East New Britain
Central Kerema Rural LLG,PG020101,PG0201,PG02,"47",26704.999999,Central Kerema Rural,Central Kerema Rural LLG,Kerema District,Gulf Province
Central/Inland Pomio LLG,PG180310,PG1803,PG18,"98",26014.000000,Central/Inland Pomio,Central/Inland Pomio LLG,Pomio District,East New Britain
Chuave Rural LLG,PG100101,PG1001,PG10,"50",24855.999999,Chuave Rural,Chuave Rural LLG,Chuave District,Chimbu (Simbu)
Cloudy Bay Rural LLG,PG030103,PG0301,PG03,"56",14466.000001,Cloudy Bay Rural,Cloudy Bay Rural LLG,Abau District,Central
Daga Rural LLG,PG050102,PG0501,PG05,"31",12132.000000,Daga Rural,Daga Rural LLG,Alotau District,Milne Bay Province
Daru Urban LLG,PG010311,PG0103,PG01,"32",19397.000001,Daru Urban LLG,Daru Urban LLG,South Fly District,Western
Dei Rural LLG,PG090203,PG0902,PG09,"118",53868.513948,Dei Rural,Dei Rural LLG,Dei District,Western Highlands
Deyamos Rural LLG,PG120412,PG1204,PG12,"64",17843.000000,Deyamos Rural,Deyamos Rural LLG,Kabwum District,Morobe
Dobu Rural LLG,PG050415,PG0504,PG05,"40",61274.000000,Dobu Rural,Dobu Rural LLG,Esa'ala District,Milne Bay Province
Dreikikier Rural LLG,PG140102,PG1401,PG14,"111",36668.000002,Dreikikier Rural,Dreikikier Rural LLG,Ambunti/Drekikier District,East Sepik
Duau Rural LLG,PG050416,PG0504,PG05,"30",34739.999998,Duau Rural,Duau Rural LLG,Esa'ala District,Milne Bay Province
Duke of York Rural LLG,PG180207,PG1802,PG18,"24",19947.999999,Duke of York Rural,Duke of York Rural LLG,Kokopo District,East New Britain
Dunantina Rural LLG,PG110315,PG1103,PG11,"198",39806.758538,Dunantina Rural,Dunantina Rural LLG,Henganofi District,Eastern Highlands
East Aitape Rural LLG,PG150101,PG1501,PG15,"78",54713.999999,East Aitape Rural,East Aitape Rural LLG,Aitape/Lumi District,West Sepik (Sandaun)
East Kerema Rural LLG,PG020102,PG0201,PG02,"33",19633.999999,East Kerema Rural,East Kerema Rural LLG,Kerema District,Gulf Province
East Kikori Rural LLG,PG020208,PG0202,PG02,"49",19129.000000,East Kikori Rural,East Kikori Rural LLG,Kikori District,Gulf Province
East Okapa Rural LLG,PG110710,PG1107,PG11,"113",29966.926300,East Okapa Rural,East Okapa Rural LLG,Okapa District,Eastern Highlands
East Pangia Rural LLG,PG070101,PG0701,PG07,"85",29205.000000,East Pangia Rural,East Pangia Rural LLG,Ialibu/Pangia District,Southern Highlands
East Pomio Rural LLG,PG180311,PG1803,PG18,"30",8707.000000,East Pomio Rural,East Pomio Rural LLG,Pomio District,East New Britain
East Wapei Rural LLG,PG150102,PG1501,PG15,"53",16956.000000,East Wapei Rural,East Wapei Rural LLG,Aitape/Lumi District,West Sepik (Sandaun)
East Yangoru Rural LLG,PG140623,PG1406,PG14,"49",22909.000000,East Yangoru Rural,East Yangoru Rural LLG,Yangoru Saussia District,East Sepik
Elimbari Rural LLG,PG100102,PG1001,PG10,"65",18574.903756,Elimbari Rural,Elimbari Rural LLG,Chuave District,Chimbu (Simbu)
Erave Rural LLG,PG070308,PG0703,PG07,"104",23814.000000,Erave Rural,Erave Rural LLG,Kagua/Erave District,Southern Highlands
Fayantina Rural LLG,PG110316,PG1103,PG11,"138",27210.936218,Fayantina Rural,Fayantina Rural LLG,Henganofi District,Eastern Highlands
Finschafen Urban LLG,PG120233,PG1202,PG12,"9",5746.906132,Finschafen Urban,Finschafen Urban LLG,Finschafen District,Morobe
Gadsup/Tairora Rural LLG,PG110419,PG1104,PG11,"123",31888.951192,Gadsup/Tairora Rural,Gadsup/Tairora Rural LLG,Kainanatu District,Eastern Highlands
Gahuku Rural LLG,PG110202,PG1102,PG11,"286",109275.266571,Gahuku Rural,Gahuku Rural LLG,Goroka District,Eastern Highlands
Gama Rural LLG,PG130619,PG1306,PG13,"23",15101.248356,Gama  Rural,Gama Rural LLG,Usino Bundi District,Madang
Gasmata Rural LLG,PG190101,PG1901,PG19,"42",12767.000000,Gasmata Rural,Gasmata Rural LLG,Kandrian/Gloucester District,West New Britain
Gawanga Rural LLG,PG140103,PG1401,PG14,"30",28569.000000,Gawanga Rural,Gawanga Rural LLG,Ambunti/Drekikier District,East Sepik
Gawi Rural LLG,PG140520,PG1405,PG14,"41",15790.000000,Gawi Rural,Gawi Rural LLG,Wosera Gawi District,East Sepik
Gena/Waugla Rural LLG,PG100410,PG1004,PG10,"81",38515.000001,Gena/Waugla Rural,Gena/Waugla Rural LLG,Kerowagi District,Chimbu (Simbu)
Gloucester Rural LLG,PG190102,PG1901,PG19,"61",16184.000000,Gloucester Rural,Gloucester Rural LLG,Kandrian/Gloucester District,West New Britain
Gogodala Rural LLG,PG010103,PG0101,PG01,"70",49798.000001,Gogodala Rural LLG,Gogodala Rural LLG,Delta Fly District,Western
Goodenough Island LLG,PG050313,PG0503,PG05,"39",46833.303369,Goodenough Isla,Goodenough Island LLG,Kiriwina-Goodenough District,Milne Bay Province
Goroka Urban LLG,PG110203,PG1102,PG11,"61",31865.999999,Goroka Urban,Goroka Urban LLG,Goroka District,Eastern Highlands
Green River Rural LLG,PG150414,PG1504,PG15,"70",23757.000000,Green River Rural,Green River Rural LLG,Vanimo/Green River District,West Sepik (Sandaun)
Guari Rural LLG,PG030204,PG0302,PG03,"59",5674.000000,Guari Rural,Guari Rural LLG,Goilala District,Central
Gumine Rural LLG,PG100205,PG1002,PG10,"51",26295.000000,Gumine Rural,Gumine Rural LLG,Gumine District,Chimbu (Simbu)
Hayapuga Rural LLG,PG210827,PG2108,PG21,"21",75061.999998,Hayapuga Rural,Hayapuga Rural LLG,Tari/Pori District,Hela
Higaturu Rural LLG,PG060206,PG0602,PG06,"190",72266.000001,Higaturu Rural,Higaturu Rural LLG,Sohe District,Northern (Oro)
Hiri Rural LLG,PG030307,PG0303,PG03,"77",73266.000001,Hiri Rural,Hiri Rural LLG,Hiri-Koiari District,Central
Hoskins Rural LLG,PG190208,PG1902,PG19,"45",42579.000001,Hoskins Rural,Hoskins Rural LLG,Nakanai District,West New Britain
Hube Rural LLG,PG120232,PG1202,PG12,"51",20319.727813,Burum Kwat,Hube Rural LLG,Finschafen District,Morobe
Huhu Rural LLG,PG050105,PG0501,PG05,"80",67852.999997,Huhu Rural,Huhu Rural LLG,Alotau District,Milne Bay Province
Hulia Rural LLG,PG210411,PG2104,PG21,"72",121413.999998,Hulia Rural,Hulia Rural LLG,Hulia District,Hela
Iabu Rural LLG,PG130102,PG1301,PG13,"19",6280.000000,Iabu Rural,Iabu Rural LLG,Bogia District,Madang
Ialibu Basin Rural LLG,PG070205,PG0702,PG07,"91",35564.000000,Ialibu Basin Rural,Ialibu Basin Rural LLG,Imbonggu District,Southern Highlands
Ialibu Urban LLG,PG070102,PG0701,PG07,"33",18320.000000,Ialibu Urban,Ialibu Urban LLG,Ialibu/Pangia District,Southern Highlands
Ihu Rural LLG,PG020209,PG0202,PG02,"70",23883.000000,Ihu Rural,Ihu Rural LLG,Kikori District,Gulf Province
Imbongu Rural LLG,PG070206,PG0702,PG07,"41",49374.000001,Imbongu Rural,Imbongu Rural LLG,Imbonggu District,Southern Highlands
Inland Baining Rural LLG,PG180102,PG1801,PG18,"55",38982.999999,Inland Baining Rural,Inland Baining Rural LLG,Gazelle District,East New Britain
Jimi Rural LLG,PG220406,PG2204,PG22,"69",46550.000000,Jimi Rural,Jimi Rural LLG,Jimi District,Jiwaka
Josephstaal Rural LLG,PG130308,PG1303,PG13,"94",30538.000000,Josephstaal Rural,Josephstaal Rural LLG,Middle Ramu District,Madang
Kafentina Rural LLG,PG110304,PG1103,PG11,"143",36443.305245,Kafentina Rural,Kafentina Rural LLG,Henganofi District,Eastern Highlands
Kagua Rural LLG,PG070309,PG0703,PG07,"86",40856.201828,Kagua Rural,Kagua Rural LLG,Kagua/Erave District,Southern Highlands
Kainantu Urban LLG,PG110406,PG1104,PG11,"31",15138.000000,Kainantu Urban,Kainantu Urban LLG,Kainanatu District,Eastern Highlands
Kaintiba Rural LLG,PG020103,PG0201,PG02,"49",16205.000000,Kaintiba Rural,Kaintiba Rural LLG,Kerema District,Gulf Province
Kairuku Rural LLG,PG030308,PG0303,PG03,"105",33438.999999,Kairuku Rural,Kairuku Rural LLG,Kairuku - Hiri District,Central
Kamano No. 1 Rural LLG,PG110417,PG1104,PG11,"43",17676.667976,Kamano No. 1 Rural,Kamano No. 1 Rural LLG,Kainanatu District,Eastern Highlands
Kamano No. 2 Rural LLG,PG110405,PG1104,PG11,"51",13302.714821,Kamano No. 2 Rural,Kamano No. 2 Rural LLG,Kainanatu District,Eastern Highlands
Kandep Rural LLG,PG080101,PG0801,PG08,"68",44215.000000,Kandep Rural,Kandep Rural LLG,Kandep District,Enga
Kandrian Coastal Rural LLG,PG190103,PG1901,PG19,"57",18582.000000,Kandrian Coastal Rural,Kandrian Coastal Rural LLG,Kandrian/Gloucester District,West New Britain
Kandrian Inland Rural LLG,PG190104,PG1901,PG19,"80",21250.000000,Kandrian Inland Rural,Kandrian Inland Rural LLG,Kandrian/Gloucester District,West New Britain
Kapao Rural LLG,PG120730,PG1207,PG12,"66",44199.864596,Kapao Rural,Kapao Rural LLG,Menyamya District,Morobe
Karawari Rural LLG,PG140206,PG1402,PG14,"59",27051.000000,Karawari Rural,Karawari Rural LLG,Angoram District,East Sepik
Karimui Rural LLG,PG100307,PG1003,PG10,"86",38585.999999,Karimui Rural,Karimui Rural LLG,Karimui/Nomane District,Chimbu (Simbu)
Karints Rural LLG,PG070618,PG0706,PG07,"72",40740.000001,Karints Rural,Karints Rural LLG,Mendi/Munihu District,Southern Highlands
Karkar Rural LLG,PG130513,PG1305,PG13,"107",67991.000000,Karkar Rural,Karkar Rural LLG,Sumkar District,Madang
Kavieng Urban LLG,PG170104,PG1701,PG17,"53",22725.000000,Kavieng Urban,Kavieng Urban LLG,Kavieng District,New Ireland
Keram Rural LLG,PG140207,PG1402,PG14,"71",35462.000000,Keram Rural,Keram Rural LLG,Angoram District,East Sepik
Kerema Urban LLG,PG020104,PG0201,PG02,"12",8527.000000,Kerema Urban,Kerema Urban LLG,Kerema District,Gulf Province
Kerowagi Urban LLG,PG100420,PG1004,PG10,"7",7911.204641,Kerowagi Urban,Kerowagi Urban LLG,Kerowagi District,Chimbu (Simbu)
Kewabi Rural LLG,PG070103,PG0701,PG07,"124",38309.000001,Kewabi Rural,Kewabi Rural LLG,Ialibu/Pangia District,Southern Highlands
Kimbe Urban LLG,PG190209,PG1902,PG19,"32",23931.999999,Kimbe Urban,Kimbe Urban LLG,Talasea District,West New Britain
Kira Rural LLG,PG060208,PG0602,PG06,"30",3583.000000,Kira Rural,Kira Rural LLG,Sohe District,Northern (Oro)
Kiriwina Rural LLG,PG050312,PG0503,PG05,"99",51880.000000,Kiriwina Rural,Kiriwina Rural LLG,Kiriwina-Goodenough District,Milne Bay Province
Kiunga Rural LLG,PG010206,PG0102,PG01,"75",23549.000000,Kiunga Rural LLG,Kiunga Rural LLG,North Fly District,Western
Kiunga Urban LLG,PG010207,PG0102,PG01,"15",26778.000000,Kiunga Urban LLG,Kiunga Urban LLG,North Fly District,Western
Kiwai Rural LLG,PG010312,PG0103,PG01,"51",27533.000000,Kiwai Rural LLG,Kiwai Rural LLG,South Fly District,Western
Koiari Rural LLG,PG030309,PG0303,PG03,"117",32043.000001,Koiari Rural,Koiari Rural LLG,Hiri-Koiari District,Central
Kokoda Rural LLG,PG060205,PG0602,PG06,"118",29702.000000,Kokoda Rural,Kokoda Rural LLG,Sohe District,Northern (Oro)
Kokopo/Vunamami Urban LLG,PG180208,PG1802,PG18,"46",40231.000001,Kokopo/Vunamami Urban,Kokopo/Vunamami Urban LLG,Kokopo District,East New Britain
Kol Rural LLG,PG220407,PG2204,PG22,"58",19964.000000,Kol Rural,Kol Rural LLG,Jimi District,Jiwaka
Komba Rural LLG,PG120431,PG1204,PG12,"35",12971.000000,Komba Rural,Komba Rural LLG,Kabwum District,Morobe
Kombiu Rural LLG,PG180416,PG1804,PG18,"21",18356.000000,Kombiu Rural,Kombiu Rural LLG,Rabaul District,East New Britain
Kome Rural LLG,PG120721,PG1207,PG12,"94",38551.000000,Kome Rural,Kome Rural LLG,Menyamya District,Morobe
Komo Rural LLG,PG210412,PG2104,PG21,"51",86355.999999,Komo Rural,Komo Rural LLG,Hulia District,Hela
Kompiam Rural LLG,PG080204,PG0802,PG08,"81",35641.065977,Kompiam Rural,Kompiam Rural LLG,Kompiam District,Enga
Konoagil Rural LLG,PG170207,PG1702,PG17,"52",16734.297439,Konoagil Rural,Konoagil Rural LLG,Namatanai District,New Ireland
Kotidanga Rural LLG,PG020105,PG0201,PG02,"54",29197.999999,Kotidanga Rural,Kotidanga Rural LLG,Kerema District,Gulf Province
Kotna Rural LLG,PG090214,PG0902,PG09,"175",53749.486051,Kotna Rural,Kotna Rural LLG,Dei District,Western Highlands
Kotte Rural LLG,PG120207,PG1202,PG12,"48",16906.000000,Kotte Rural,Kotte Rural LLG,Finschafen District,Morobe
Kove/Kaliai Rural LLG,PG190105,PG1901,PG19,"76",27080.000000,Kove/Kaliai Rural,Kove/Kaliai Rural LLG,Kandrian/Gloucester District,West New Britain
Kovon LLG,PG130317,PG1303,PG13,"17",21943.000002,Kovon,Kovon LLG,Middle Ramu District,Madang
Kuare Rural LLG,PG070310,PG0703,PG07,"92",28146.000000,Kuare Rural,Kuare Rural LLG,Kagua/Erave District,Southern Highlands
Kundiawa Urban LLG,PG100513,PG1005,PG10,"29",24414.000000,Kundiawa Urban,Kundiawa Urban LLG,Kundiawa/Gembogl District,Chimbu (Simbu)
Kunua LLG,PG200102,PG2001,PG20,"53",32017.000001,Kunua,Kunua LLG,North Bougainville District,Bougainville
Kup Rural LLG,PG100412,PG1004,PG10,"36",21917.000000,Kup Rural,Kup Rural LLG,Kerowagi District,Chimbu (Simbu)
Labuta Rural LLG,PG120823,PG1208,PG12,"33",24544.999999,Labuta Rural,Labuta Rural LLG,Nawae District,Morobe
Lae Urban LLG,PG120516,PG1205,PG12,"185",110910.999996,Lae Urban,Lae Urban LLG,Lae District,Morobe
Lagaip Rural LLG,PG080306,PG0803,PG08,"41",38353.331619,Lagaip Rural,Lagaip Rural LLG,Laigap District,Enga
Lai Valley Rural LLG,PG070619,PG0706,PG07,"97",50273.000002,Lai Valley Rural,Lai Valley Rural LLG,Mendi/Munihu District,Southern Highlands
Lake Kopiago Rural LLG,PG210515,PG2105,PG21,"204",40931.999999,Lake Kopiago Rural,Lake Kopiago Rural LLG,Koroba/Kopiago District,Hela
Lake Kutubu Rural LLG,PG070722,PG0707,PG07,"61",29571.000000,Lake Kutubu Rural,Lake Kutubu Rural LLG,Nipa/Kutubu District,Southern Highlands
Lake Murray Rural LLG,PG010104,PG0101,PG01,"43",18510.000000,Lake Murray Rural LLG,Lake Murray Rural LLG,Middle Fly District,Western
Lakekamu-Tauri Rural LLG,PG020106,PG0201,PG02,"46",26681.000001,Lakekamu-Tauri Rural,Lakekamu-Tauri Rural LLG,Kerema District,Gulf Province
Lamari Rural LLG,PG110608,PG1106,PG11,"117",14073.000000,Lamari Rural,Lamari Rural LLG,Obura/Wonenara District,Eastern Highlands
Lassul Baining Rural LLG,PG180103,PG1801,PG18,"48",19390.999999,Lassul Baining Rural,Lassul Baining Rural LLG,Gazelle District,East New Britain
Lelemadih/Bupichupeu LLG,PG160105,PG1601,PG16,"29",9900.000000,Lelemadih/Bupichupeu,Lelemadih/Bupichupeu LLG,Manus District,Manus
Livuan/Reimber Rural LLG,PG180104,PG1801,PG18,"36",38624.999999,Livuan/Reimber Rural,Livuan/Reimber Rural LLG,Gazelle District,East New Britain
Lorengau Urban LLG,PG160106,PG1601,PG16,"21",11853.000000,Lorengau Urban,Lorengau Urban LLG,Manus District,Manus
Los Negros LLG,PG160107,PG1601,PG16,"15",5348.000000,Los Negros,Los Negros LLG,Manus District,Manus
Louisiade Rural LLG,PG050209,PG0502,PG05,"103",150674.999997,Louisiade Rural,Louisiade Rural LLG,Samarai-Murua District,Milne Bay Province
Lovongai Rural LLG,PG170102,PG1701,PG17,"85",31882.000000,Lovongai Rural,Lovongai Rural LLG,Kavieng District,New Ireland
Lower Asaro Rural LLG,PG110112,PG1101,PG11,"146",60426.215519,Lower Asaro Rural,Lower Asaro Rural LLG,Daulo District,Eastern Highlands
Lower Benna LLG,PG110811,PG1108,PG11,"138",61446.958506,Lower Benna,Lower Benna LLG,Unggai/Benna District,Eastern Highlands
Lower Mendi Rural LLG,PG070207,PG0702,PG07,"138",45347.000000,Lower Mendi Rural,Lower Mendi Rural LLG,Imbonggu District,Southern Highlands
Lower Wage LLG,PG210413,PG2104,PG21,"76",42180.650428,Lower Wage,Lower Wage LLG,Komo/Magarima District,Hela
Lumusa Rural LLG,PG090510,PG0905,PG09,"52",12738.000000,Lumusa Rural,Lumusa Rural LLG,Mul/Baiyer District,Western Highlands
Madang Urban LLG,PG130205,PG1302,PG13,"85",53618.000001,Madang Urban,Madang Urban LLG,Madang District,Madang
Maimai Wanwan LLG,PG150217,PG1502,PG15,"22",18654.000000,Maimai Wanwan,Maimai Wanwan LLG,Nuku District,West Sepik (Sandaun)
Maip Muritaka Rural LLG,PG080307,PG0803,PG08,"34",26450.000001,Maip Muritaka Rural,Maip Muritaka Rural LLG,Pogera-Paiela District,Enga
Makamaka Rural LLG,PG050101,PG0501,PG05,"37",20131.000000,Makamaka Rural,Makamaka Rural LLG,Alotau District,Milne Bay Province
Maprik/Wora Rural LLG,PG140312,PG1403,PG14,"39",34280.000000,Maprik/Wora Rural,Maprik/Wora Rural LLG,Maprik District,East Sepik
Maramatana Rural LLG,PG050104,PG0501,PG05,"21",28199.000000,Maramatana Rural,Maramatana Rural LLG,Alotau District,Milne Bay Province
Maramuni Rural LLG,PG080412,PG0804,PG08,"19",7020.000000,Maramuni Rural,Maramuni Rural LLG,Wabag District,Enga
Marienberg Rural LLG,PG140208,PG1402,PG14,"64",37329.999999,Marienberg Rural,Marienberg Rural LLG,Angoram District,East Sepik
Mawase Rural LLG,PG150205,PG1502,PG15,"39",34760.000001,Mawase Rural,Mawase Rural LLG,Nuku District,West Sepik (Sandaun)
Mekeo Kuni Rural LLG,PG030310,PG0303,PG03,"74",36958.000000,Mekeo Kuni Rural,Mekeo Kuni Rural LLG,Kairuku - Hiri District,Central
Melkoi Rural LLG,PG180312,PG1803,PG18,"52",12739.000000,Melkoi Rural,Melkoi Rural LLG,Pomio District,East New Britain
Mendi Urban LLG,PG070620,PG0706,PG07,"39",40918.000000,Mendi Urban,Mendi Urban LLG,Mendi/Munihu District,Southern Highlands
Mimanalo Rural LLG,PG110214,PG1102,PG11,"157",70832.733428,Mimanalo Rural,Mimanalo Rural LLG,Goroka District,Eastern Highlands
Mitnande Rural LLG,PG100514,PG1005,PG10,"79",23537.000000,Mitnande Rural,Mitnande Rural LLG,Kundiawa/Gembogl District,Chimbu (Simbu)
Morehead Rural LLG,PG010313,PG0103,PG01,"72",21617.000000,Morehead Rural LLG,Morehead Rural LLG,South Fly District,Western
Morobe Rural LLG,PG120309,PG1203,PG12,"40",26858.000000,Morobe Rural,Morobe Rural LLG,Huon District,Morobe
Mosa Rural LLG,PG190210,PG1902,PG19,"33",58233.999998,Mosa Rural,Mosa Rural LLG,Nakanai District,West New Britain
Mt Bosavi Rural LLG,PG070723,PG0707,PG07,"54",6162.000000,Mt Bosavi Rural,Mt Bosavi Rural LLG,Nipa/Kutubu District,Southern Highlands
Mt Digine Rural LLG,PG100206,PG1002,PG10,"43",23117.000001,Mt Digine Rural,Mt Digine Rural LLG,Gumine District,Chimbu (Simbu)
Mt Giluwe Rural LLG,PG090712,PG0907,PG09,"134",53556.000000,Mt Giluwe Rural,Mt Giluwe Rural LLG,Tambul/Nebilyer District,Western Highlands
Mt Hagen Rural LLG,PG090304,PG0903,PG09,"298",134202.000002,Mt Hagen Rural,Mt Hagen Rural LLG,Mt Hagen District,Western Highlands
Mt Hagen Urban LLG,PG090305,PG0903,PG09,"70",47063.999998,Mt Hagen Urban,Mt Hagen Urban LLG,Mt Hagen District,Western Highlands
Mt. Michael Rural LLG,PG110520,PG1105,PG11,"86",21660.225559,Mt. Michael Rural,Mt. Michael Rural LLG,Lufa District,Eastern Highlands
Mul Rural LLG,PG090508,PG0905,PG09,"78",54596.999999,Mul Rural,Mul Rural LLG,Mul/Baiyer District,Western Highlands
Mumeng Rural LLG,PG120101,PG1201,PG12,"54",32964.000001,Mumeng Rural,Mumeng Rural LLG,Bulolo District,Morobe
Murat Rural LLG,PG170101,PG1701,PG17,"37",4368.000000,Murat Rural,Murat Rural LLG,Kavieng District,New Ireland
Murua Rural LLG,PG050211,PG0502,PG05,"26",45878.999999,Murua Rural,Murua Rural LLG,Samarai-Murua District,Milne Bay Province
Nabak Rural LLG,PG120824,PG1208,PG12,"39",21652.999999,Nabak Rural,Nabak Rural LLG,Nawae District,Morobe
Naho Rawa Rural LLG,PG130411,PG1304,PG13,"41",17082.000001,Naho Rawa Rural,Naho Rawa Rural LLG,Rai Coast District,Madang
Nali Sopat/Penabu LLG,PG160108,PG1601,PG16,"18",6350.000000,Nali Sopat/Penabu,Nali Sopat/Penabu LLG,Manus District,Manus
Namatanai Rural LLG,PG170205,PG1702,PG17,"85",34241.702561,Namatanai Rural,Namatanai Rural LLG,Namatanai District,New Ireland
Namea Rural LLG,PG150308,PG1503,PG15,"32",20330.000001,Namea Rural,Namea Rural LLG,Telefomin District,West Sepik (Sandaun)
Nanima Kariba LLG,PG120734,PG1207,PG12,"45",35017.135407,Nanima Kariba,Nanima Kariba LLG,Menyamya District,Morobe
National Capital District,PG040101,PG0401,PG04,"485",513917.999999,,,,
Nayudo Rural LLG,PG130418,PG1304,PG13,"29",19097.400601,Nayudo Rural,Nayudo Rural LLG,Rai Coast District,Madang
Nebilyer Rural LLG,PG090713,PG0907,PG09,"69",51196.999999,Nebilyer Rural,Nebilyer Rural LLG,Tambul/Nebilyer District,Western Highlands
Nembi Plateau Rural LLG,PG070724,PG0707,PG07,"21",95221.000000,Nembi Plateau Rural,Nembi Plateau Rural LLG,Nipa/Kutubu District,Southern Highlands
Niglkande Rural LLG,PG100515,PG1005,PG10,"58",26319.000000,Niglkande Rural,Niglkande Rural LLG,Kundiawa/Gembogl District,Chimbu (Simbu)
Nigoherm LLG,PG160102,PG1601,PG16,"9",5379.000000,Nigoherm,Nigoherm LLG,Manus District,Manus
Nimamar Rural LLG,PG170209,PG1702,PG17,"50",30688.000000,Nimamar Rural,Nimamar Rural LLG,Namatanai District,New Ireland
Ningerum Rural LLG,PG010208,PG0102,PG01,"85",26058.000001,Ningerum Rural LLG,Ningerum Rural LLG,North Fly District,Western
Nipa Rural LLG,PG070725,PG0707,PG07,"243",117302.000001,Nipa Rural,Nipa Rural LLG,Nipa/Kutubu District,Southern Highlands
Nissan LLG,PG200105,PG2001,PG20,"30",8426.000000,Nissan,Nissan LLG,North Bougainville District,Bougainville
Nomad Rural LLG,PG010105,PG0101,PG01,"82",23076.000000,Nomad Rural LLG,Nomad Rural LLG,Middle Fly District,Western
Nomane Rural LLG,PG100308,PG1003,PG10,"46",9443.000000,Nomane Rural,Nomane Rural LLG,Karimui/Nomane District,Chimbu (Simbu)
Nondugl Rural LLG,PG220615,PG2206,PG22,"101",48865.940697,Nondugl Rural,Nondugl Rural LLG,North Waghi District,Jiwaka
North Koroba Rural LLG,PG210516,PG2105,PG21,"85",40224.000000,North Koroba Rural,North Koroba Rural LLG,Koroba/Kopiago District,Hela
North Waghi Rural LLG,PG220611,PG2206,PG22,"171",89238.059302,North Waghi Rural,North Waghi Rural LLG,North Waghi District,Jiwaka
North Wosera Rural LLG,PG140521,PG1405,PG14,"37",27276.999999,North Wosera Rural,North Wosera Rural LLG,Wosera Gawi District,East Sepik
Numbor Rural LLG,PG140624,PG1406,PG14,"48",17112.000000,Numbor Rural,Numbor Rural LLG,Yangoru Saussia District,East Sepik
Oksapmin Rural LLG,PG150309,PG1503,PG15,"25",31631.000000,Oksapmin Rural,Oksapmin Rural LLG,Telefomin District,West Sepik (Sandaun)
Olsobip Rural LLG,PG010209,PG0102,PG01,"34",6720.000000,Olsobip Rural LLG,Olsobip Rural LLG,North Fly District,Western
Onga/Waffa Rural LLG,PG120617,PG1206,PG12,"41",15970.999999,Onga/Waffa Rural,Onga/Waffa Rural LLG,Markham District,Morobe
Oriomo-Bituri Rural LLG,PG010314,PG0103,PG01,"66",15888.000000,Oriomo-Bituri Rural LLG,Oriomo-Bituri Rural LLG,South Fly District,Western
Oro Bay Rural LLG,PG060101,PG0601,PG06,"128",41507.000001,Oro Bay Rural,Oro Bay Rural LLG,Popondentta District,Northern (Oro)
Paiela/Hewa Rural LLG,PG080308,PG0803,PG08,"26",13699.000000,Paiela/Hewa Rural,Paiela/Hewa Rural LLG,Pogera-Paiela District,Enga
Palmai Rural LLG,PG150206,PG1502,PG15,"53",23184.000000,Palmai Rural,Palmai Rural LLG,Nuku District,West Sepik (Sandaun)
Pilikambi Rural LLG,PG080315,PG0803,PG08,"49",31417.668383,Pilikambi Rural,Pilikambi Rural LLG,Laigap District,Enga
Pobuma LLG,PG160110,PG1601,PG16,"19",8102.000000,Pobuma,Pobuma LLG,Manus District,Manus
Pomutu/Kurti/Andra LLG,PG160104,PG1601,PG16,"19",8205.000000,Pomutu/Kurti/Andra,Pomutu/Kurti/Andra LLG,Manus District,Manus
Popondetta Urban LLG,PG060104,PG0601,PG06,"92",42363.000000,Popondetta Urban,Popondetta Urban LLG,Popondentta District,Northern (Oro)
Porgera Rural LLG,PG080309,PG0803,PG08,"42",81121.000000,Porgera Rural,Porgera Rural LLG,Pogera-Paiela District,Enga
Poroma Rural LLG,PG070726,PG0707,PG07,"246",94347.999999,Poroma Rural,Poroma Rural LLG,Nipa/Kutubu District,Southern Highlands
Rabaul Urban LLG,PG180417,PG1804,PG18,"31",4960.000000,Rabaul Urban,Rabaul Urban LLG,Rabaul District,East New Britain
Rai Coast Rural LLG,PG130412,PG1304,PG13,"157",40048.599399,Rai Coast Rural,Rai Coast Rural LLG,Rai Coast District,Madang
Raluana Rural LLG,PG180209,PG1802,PG18,"21",23654.999998,Raluana Rural,Raluana Rural LLG,Kokopo District,East New Britain
Rapatona LLG,PG160112,PG1601,PG16,"18",4086.000000,Rapatona,Rapatona LLG,Manus District,Manus
Rigo Central Rural LLG,PG030411,PG0304,PG03,"62",22402.000000,Rigo Central Rural,Rigo Central Rural LLG,Rigo District,Central
Rigo Coastal Rural LLG,PG030412,PG0304,PG03,"30",26178.000000,Rigo Coastal Rural,Rigo Coastal Rural LLG,Rigo District,Central
Rigo Inland Rural LLG,PG030413,PG0304,PG03,"138",24142.000000,Rigo Inland Rural,Rigo Inland Rural LLG,Rigo District,Central
Safia Rural LLG,PG060109,PG0601,PG06,"56",9812.086050,Safia Rural,Safia Rural LLG,Ijivitari District,Northern (Oro)
Salamaua Rural LLG,PG120310,PG1203,PG12,"55",17756.000000,Salamaua Rural,Salamaua Rural LLG,Huon District,Morobe
Salt Rural LLG,PG100309,PG1003,PG10,"56",19570.000000,Salt Rural,Salt Rural LLG,Karimui/Nomane District,Chimbu (Simbu)
Sausso Rural LLG,PG140625,PG1406,PG14,"41",15734.000000,Sausso Rural,Sausso Rural LLG,Yangoru Saussia District,East Sepik
Selau/Suir LLG,PG200103,PG2001,PG20,"42",30930.999998,Selau/Suir,Selau/Suir LLG,North Bougainville District,Bougainville
Selepet Rural LLG,PG120435,PG1204,PG12,"27",15910.000000,Selepet Rural,Selepet Rural LLG,Kabwum District,Morobe
Sentral Niu Ailan Rural LLG,PG170206,PG1702,PG17,"109",37894.999999,Sentral Niu Ailan Rural,Sentral Niu Ailan Rural LLG,Namatanai District,New Ireland
Sialum Rural LLG,PG120926,PG1209,PG12,"63",24595.000000,Sialum Rural,Sialum Rural LLG,Tawae/Siassi District,Morobe
Siane Rural LLG,PG100103,PG1001,PG10,"92",19564.096244,Siane Rural,Siane Rural LLG,Chuave District,Chimbu (Simbu)
Siassi Rural LLG,PG120927,PG1209,PG12,"44",10722.000000,Siassi Rural,Siassi Rural LLG,Tawae/Siassi District,Morobe
Simbai Rural LLG,PG130309,PG1303,PG13,"27",32447.999999,Simbai Rural,Simbai Rural LLG,Middle Ramu District,Madang
Sinivit Rural LLG,PG180313,PG1803,PG18,"62",26661.999999,Sinivit Rural,Sinivit Rural LLG,Pomio District,East New Britain
Siwai LLG,PG200310,PG2003,PG20,"93",34249.000000,Siwai,Siwai LLG,South Bougainville District,Bougainville
South Koroba Rural LLG,PG210517,PG2105,PG21,"73",86423.000002,South Koroba Rural,South Koroba Rural LLG,Koroba/Kopiago District,Hela
South Waghi Rural LLG,PG220102,PG2201,PG22,"308",149869.000001,South Waghi Rural,South Waghi Rural LLG,Anglimp/South Waghi District,Jiwaka
South Wosera Rural LLG,PG140522,PG1405,PG14,"60",34606.000000,South Wosera Rural,South Wosera Rural LLG,Wosera Gawi District,East Sepik
Star Mountains Rural LLG,PG010210,PG0102,PG01,"32",25153.999999,Star Mountains Rural LLG,Star Mountains Rural LLG,North Fly District,Western
Suai Rural LLG,PG100618,PG1006,PG10,"77",24944.000001,Suai Rural,Suai Rural LLG,Sina Sina Yonggomugl District,Chimbu (Simbu)
Suau Rural LLG,PG050106,PG0501,PG05,"36",27304.000001,Suau Rural,Suau Rural LLG,Alotau District,Milne Bay Province
Sumgilbar Rural LLG,PG130514,PG1305,PG13,"124",54914.000000,Sumgilbar Rural,Sumgilbar Rural LLG,Sumkar District,Madang
Tabare Rural LLG,PG100617,PG1006,PG10,"65",24732.000000,Tabare Rural,Tabare Rural LLG,Sina Sina Yonggomugl District,Chimbu (Simbu)
Tagali Rural LLG,PG210828,PG2108,PG21,"24",46767.999999,Tagali Rural,Tagali Rural LLG,Tari/Pori District,Hela
Talasea Rural LLG,PG190211,PG1902,PG19,"50",33817.000001,Talasea Rural,Talasea Rural LLG,Talasea District,West New Britain
Tamata Rural LLG,PG060207,PG0602,PG06,"92",24884.000000,Tamata Rural,Tamata Rural LLG,Sohe District,Northern (Oro)
Tanir Rural LLG,PG170208,PG1702,PG17,"38",15271.000000,Tanir Rural,Tanir Rural LLG,Namatanai District,New Ireland
Tapini Rural LLG,PG030205,PG0302,PG03,"69",19087.000000,Tapini Rural,Tapini Rural LLG,Goilala District,Central
Tari Urban LLG,PG210829,PG2108,PG21,"16",94822.999998,Tari Urban,Tari Urban LLG,Tari/Pori District,Hela
Tebi Rural LLG,PG210830,PG2108,PG21,"18",58303.999999,Tebi Rural,Tebi Rural LLG,Tari/Pori District,Hela
Telefomin Rural LLG,PG150310,PG1503,PG15,"70",18436.000000,Telefomin Rural,Telefomin Rural LLG,Telefomin District,West Sepik (Sandaun)
Tetidu LLG,PG160109,PG1601,PG16,"13",3979.000000,Tetidu,Tetidu LLG,Manus District,Manus
Tikana Rural LLG,PG170103,PG1701,PG17,"92",38546.000001,Tikana Rural,Tikana Rural LLG,Kavieng District,New Ireland
Tinputz LLG,PG200101,PG2001,PG20,"56",32581.000000,Tinputz,Tinputz LLG,North Bougainville District,Bougainville
Torokina LLG,PG200312,PG2003,PG20,"51",10253.000000,Torokina,Torokina LLG,South Bougainville District,Bougainville
Transgogol Rural LLG,PG130206,PG1302,PG13,"85",30217.000000,Transgogol Rural,Transgogol Rural LLG,Madang District,Madang
Tsak Rural LLG,PG080514,PG0805,PG08,"34",26494.000002,Tsak Rural,Tsak Rural LLG,Wapenamanda District,Enga
Tufi Rural LLG,PG060102,PG0601,PG06,"108",26166.999999,Tufi Rural,Tufi Rural LLG,Ijivitari District,Northern (Oro)
Tunap/Hustein LLG,PG140104,PG1401,PG14,"86",19184.000000,Tunap/Hustein,Tunap/Hustein LLG,Ambunti/Drekikier District,East Sepik
Turubu Rural LLG,PG140415,PG1404,PG14,"56",17991.000000,Turubu Rural LLG,Turubu Rural LLG,Wewak District,East Sepik
Umi/Atzera Rural LLG,PG120618,PG1206,PG12,"129",66894.000000,Umi/Atzera Rural,Umi/Atzera Rural LLG,Markham District,Morobe
Unavi Rural LLG,PG110507,PG1105,PG11,"33",6847.000000,Unavi Rural,Unavi Rural LLG,Lufa District,Eastern Highlands
Unggai Rural LLG,PG110824,PG1108,PG11,"115",33812.000001,Unggai  Rural,Unggai Rural LLG,Unggai/Benna District,Eastern Highlands
Upper Asaro Rural LLG,PG110113,PG1101,PG11,"62",18334.953876,Upper Asaro Rural,Upper Asaro Rural LLG,Daulo District,Eastern Highlands
Upper Bena Rural LLG,PG110823,PG1108,PG11,"157",37411.041493,Upper Bena Rural,Upper Bena Rural LLG,Unggai/Benna District,Eastern Highlands
Upper Mendi Rural LLG,PG070621,PG0706,PG07,"27",57299.000000,Upper Mendi Rural,Upper Mendi Rural LLG,Mendi/Munihu District,Southern Highlands
Upper Wage LLG,PG210431,PG2104,PG21,"88",35841.349571,Upper Wage,Upper Wage LLG,Komo/Magarima District,Hela
Upper/Lower Koronigl LLG,PG100411,PG1004,PG10,"89",54701.795359,Upper/Lower Koronigl,Upper/Lower Koronigl LLG,Kerowagi District,Chimbu (Simbu)
Usino Rural LLG,PG130616,PG1306,PG13,"117",74459.751645,Usino Rural,Usino Rural LLG,Usino Bundi District,Madang
Vanimo Urban LLG,PG150415,PG1504,PG15,"26",26495.000000,Vanimo Urban,Vanimo Urban LLG,Vanimo/Green River District,West Sepik (Sandaun)
Vunadidir/Toma Rural LLG,PG180105,PG1801,PG18,"37",41836.000000,Vunadidir/Toma Rural,Vunadidir/Toma Rural LLG,Gazelle District,East New Britain
Wabag Rural LLG,PG080411,PG0804,PG08,"106",110279.000000,Wabag Rural,Wabag Rural LLG,Wabag District,Enga
Wabag Urban LLG,PG080410,PG0804,PG08,"13",7064.000000,Wabag Urban,Wabag Urban LLG,Wabag District,Enga
Wage Rural LLG,PG080102,PG0801,PG08,"116",47865.000000,Wage Rural,Wage Rural LLG,Kandep District,Enga
Wain-Erap Rural LLG,PG120825,PG1208,PG12,"80",57188.000002,Wain-Erap Rural,Wain-Erap Rural LLG,Nawae District,Morobe
Waiye LLG,PG100516,PG1005,PG10,"77",62328.000000,Waiye,Waiye LLG,Kundiawa/Gembogl District,Chimbu (Simbu)
Wakunai LLG,PG200207,PG2002,PG20,"84",61104.000002,Wakunai,Wakunai LLG,Central Bougainville District,Bougainville
Walsa Rural LLG,PG150416,PG1504,PG15,"40",12835.000000,Walsa Rural,Walsa Rural LLG,Vanimo/Green River District,West Sepik (Sandaun)
Wampar Rural LLG,PG120311,PG1203,PG12,"135",137823.999998,Wampar Rural,Wampar Rural LLG,Huon District,Morobe
Wantoat/Leron Rural LLG,PG120619,PG1206,PG12,"103",26895.000000,Wantoat/Leron Rural,Wantoat/Leron Rural LLG,Markham District,Morobe
Wapenamanda Rural LLG,PG080513,PG0805,PG08,"74",52177.999999,Wapenamanda Rural,Wapenamanda Rural LLG,Wapenamanda District,Enga
Wapi-Yengis Rural LLG,PG080205,PG0802,PG08,"21",7368.537280,Wapi-Yengis Rural,Wapi-Yengis Rural LLG,Kompiam District,Enga
Wapi Rural LLG,PG120722,PG1207,PG12,"49",33073.000000,Wapi Rural,Wapi Rural LLG,Menyamya District,Morobe
Waria Rural LLG,PG120102,PG1201,PG12,"60",17276.000000,Waria Rural,Waria Rural LLG,Wau-Waria District,Morobe
Wasu Rural LLG,PG120928,PG1209,PG12,"46",22735.000000,Wasu Rural,Wasu Rural LLG,Tawae/Siassi District,Morobe
Watabung Rural LLG,PG110101,PG1101,PG11,"75",17256.830603,Watabung Rural,Watabung Rural LLG,Daulo District,Eastern Highlands
Watom Island Rual LLG,PG180418,PG1804,PG18,"7",3682.000000,Watom Island Rual,Watom Island Rual LLG,Rabaul District,East New Britain
Watut Rural LLG,PG120103,PG1201,PG12,"58",37930.999999,Watut Rural,Watut Rural LLG,Bulolo District,Morobe
Wau Rural LLG,PG120105,PG1201,PG12,"121",48596.999999,Wau Rural,Wau Rural LLG,Wau-Waria District,Morobe
Wau/Bulolo Urban LLG,PG120104,PG1201,PG12,"45",21028.000000,Wau/Bulolo Urban,Wau/Bulolo Urban LLG,Bulolo District,Morobe
Weraura Rural LLG,PG050103,PG0501,PG05,"63",20834.000000,Weraura Rural,Weraura Rural LLG,Alotau District,Milne Bay Province
West Aitape Rural LLG,PG150103,PG1501,PG15,"31",28689.000000,West Aitape Rural,West Aitape Rural LLG,Aitape/Lumi District,West Sepik (Sandaun)
West Ferguson Rural LLG,PG050414,PG0504,PG05,"26",38891.000000,West Ferguson Rural,West Ferguson Rural LLG,Esa'ala District,Milne Bay Province
West Kikori Rural LLG,PG020210,PG0202,PG02,"43",15699.000000,West Kikori Rural,West Kikori Rural LLG,Kikori District,Gulf Province
West Okapa Rural LLG,PG110722,PG1107,PG11,"95",19192.073700,West Okapa Rural,West Okapa Rural LLG,Okapa District,Eastern Highlands
West Pomio/Mamusi Rural LLG,PG180314,PG1803,PG18,"85",17578.000000,West Pomio/Mamusi Rural,West Pomio/Mamusi Rural LLG,Pomio District,East New Britain
West Wapei Rural LLG,PG150104,PG1501,PG15,"56",17253.000000,West Wapei Rural,West Wapei Rural LLG,Aitape/Lumi District,West Sepik (Sandaun)
West Yangoru Rural LLG,PG140626,PG1406,PG14,"41",21996.000001,West Yangoru Rural,West Yangoru Rural LLG,Yangoru Saussia District,East Sepik
Wewak Islands Rural LLG,PG140416,PG1404,PG14,"59",13823.000000,Wewak Islands Rural,Wewak Islands Rural LLG,Wewak District,East Sepik
Wewak Rural LLG,PG140417,PG1404,PG14,"51",26922.000001,Wewak Rural LLG,Wewak Rural LLG,Wewak District,East Sepik
Wewak Urban LLG,PG140418,PG1404,PG14,"74",52094.000000,Wewak Urban,Wewak Urban LLG,Wewak District,East Sepik
Wiru Rural LLG,PG070104,PG0701,PG07,"134",36876.000000,Wiru Rural,Wiru Rural LLG,Ialibu/Pangia District,Southern Highlands
Woitape Rural LLG,PG030206,PG0302,PG03,"62",32037.000001,Woitape Rural,Woitape Rural LLG,Goilala District,Central
Yabim Mape Rural LLG,PG120208,PG1202,PG12,"57",21074.810073,Yabim Mape Rural,Yabim Mape Rural LLG,Finschafen District,Morobe
Yagaria Rural LLG,PG110521,PG1105,PG11,"84",30562.774441,Yagaria Rural,Yagaria Rural LLG,Lufa District,Eastern Highlands
Yaleyemba Rural LLG,PG050210,PG0502,PG05,"75",101016.000002,Yaleyemba Rural,Yaleyemba Rural LLG,Samarai-Murua District,Milne Bay Province
Yamil/Tamaui Rural LLG,PG140313,PG1403,PG14,"38",25671.000001,Yamil/Tamaui Rural,Yamil/Tamaui Rural LLG,Maprik District,East Sepik
Yangkok Rural LLG,PG150207,PG1502,PG15,"57",30146.000001,Yangkok Rural,Yangkok Rural LLG,Nuku District,West Sepik (Sandaun)
Yapsie Rural LLG,PG150311,PG1503,PG15,"42",8664.000000,Yapsie Rural,Yapsie Rural LLG,Telefomin District,West Sepik (Sandaun)
Yawar Rural LLG,PG130103,PG1301,PG13,"125",65892.000000,Yawar Rural,Yawar Rural LLG,Bogia District,Madang
Yelia Rural LLG,PG110609,PG1106,PG11,"126",10574.000000,Yelia Rural,Yelia Rural LLG,Obura/Wonenara District,Eastern Highlands
Yonggomugl Rural LLG,PG100619,PG1006,PG10,"58",33759.000000,Yonggomugl Rural,Yonggomugl Rural LLG,Sina Sina Yonggomugl District,Chimbu (Simbu)
Yuat Rural LLG,PG140209,PG1402,PG14,"35",18186.999999,Yuat Rural,Yuat Rural LLG,Angoram District,East Sepik
Yus Rural LLG,PG120414,PG1204,PG12,"37",16490.000000,Yus Rural,Yus Rural LLG,Kabwum District,Morobe
