Shape_Leng,Shape_Area,ADM3_EN,ADM3_PCODE,ADM2_EN,ADM2_PCODE,ADM1_EN,ADM1_PCODE,ADM0_EN,ADM0_PCODE,Totpop2021_count,Totpop2021_sum,LLG,ADM3_EN_2,District,Province
2.57357937641,0.22355467169,Afore Rural LLG,PG060103,Ijivitari District,PG0601,Northern (Oro) Province,PG06,Papua New Guinea,PG,"71",20908.913951,Afore Rural,Afore Rural LLG,Ijivitari District,Northern (Oro)
1.34508119426,0.05106357672,Agarabi Rural LLG,PG110418,Kainanatu District,PG1104,Eastern Highlands Province,PG11,Papua New Guinea,PG,"79",29529.666012,Agarabi Rural,Agarabi Rural LLG,Kainanatu District,Eastern Highlands
0.55599033803,0.00715343261,Ahi Rural LLG,PG120515,Lae District,PG1205,Morobe Province,PG12,Papua New Guinea,PG,"57",114071.999993,Ahi Rural,Ahi Rural LLG,Lae District,Morobe
0.80377270674,0.02927003143,Aiya Rural LLG,PG070332,Kagua/Erave District,PG0703,Southern Highlands Province,PG07,Papua New Guinea,PG,"143",49660.798172,Aiya Rural,Aiya Rural LLG,Kagua/Erave District,Southern Highlands
0.55866608837,0.01477905552,Albiges/Mablep Rural LLG,PG140310,Maprik District,PG1403,East Sepik Province,PG14,Papua New Guinea,PG,"41",20401.000000,Albiges/Mablep Rural,Albiges/Mablep Rural LLG,Maprik District,East Sepik
1.76194828616,0.11410737207,Almami Rural LLG,PG130101,Bogia District,PG1301,Madang Province,PG13,Papua New Guinea,PG,"90",47731.000001,Almami Rural,Almami Rural LLG,Bogia District,Madang
0.11389281490,0.00029466827,Alotau Urban LLG,PG050107,Alotau District,PG0501,Milne Bay Province,PG05,Papua New Guinea,PG,"23",17109.000001,Alotau Urban,Alotau Urban LLG,Alotau District,Milne Bay Province
2.13957916925,0.20341233977,Amanab Rural LLG,PG150412,Vanimo/Green River District,PG1504,West Sepik (Sandaun) Province,PG15,Papua New Guinea,PG,"75",18766.000000,Amanab Rural,Amanab Rural LLG,Vanimo/Green River District,West Sepik (Sandaun)
3.44871199976,0.28408283847,Amazon Bay Rural LLG,PG030101,Abau District,PG0301,Central Province,PG03,Papua New Guinea,PG,"62",13464.000000,Amazon Bay Rural,Amazon Bay Rural LLG,Abau District,Central
1.99112331408,0.06796197941,Ambenob Rural LLG,PG130204,Madang District,PG1302,Madang Province,PG13,Papua New Guinea,PG,"142",107456.999999,Ambenob Rural,Ambenob Rural LLG,Madang District,Madang
0.82933352090,0.02271945272,Ambum Rural LLG,PG080203,Kompiam District,PG0802,Enga Province,PG08,Papua New Guinea,PG,"74",41894.396744,Ambum Rural,Ambum Rural LLG,Kompiam District,Enga
3.07927168795,0.28504206117,Ambunti Rural LLG,PG140101,Ambunti/Drekikier District,PG1401,East Sepik Province,PG14,Papua New Guinea,PG,"75",27003.000000,Ambunti Rural,Ambunti Rural LLG,Ambunti/Drekikier District,East Sepik
1.03210728458,0.04202881326,Anglimp Rural LLG,PG220101,Anglimp/South Waghi District,PG2201,Jiwaka Province,PG22,Papua New Guinea,PG,"139",97008.999999,Anglimp Rural,Anglimp Rural LLG,Anglimp/South Waghi District,Jiwaka
2.45010839313,0.21645959045,Angoram/Middle Sepik LLG,PG140205,Angoram District,PG1402,East Sepik Province,PG14,Papua New Guinea,PG,"53",38867.000001,Angoram/Middle Sepik,Angoram/Middle Sepik LLG,Angoram District,East Sepik
2.45598522969,0.23388192715,Arabaka Rural LLG,PG130307,Middle Ramu District,PG1303,Madang Province,PG13,Papua New Guinea,PG,"114",47239.000001,Arabaka Rural,Arabaka Rural LLG,Middle Ramu District,Madang
2.52983559465,0.15082813890,Arawa LLG,PG200208,Central Bougainville District,PG2002,Autonomous Region of Bougainville,PG20,Papua New Guinea,PG,"189",160276.000003,Arawa,Arawa LLG,Central Bougainville District,Bougainville
2.49361591911,0.12139738023,Aroma Rural LLG,PG030102,Abau District,PG0301,Central Province,PG03,Papua New Guinea,PG,"50",29612.000002,Aroma Rural,Aroma Rural LLG,Abau District,Central
1.86540955185,0.13792834985,Astrolabe Bay Rural LLG,PG130410,Rai Coast District,PG1304,Madang Province,PG13,Papua New Guinea,PG,"58",39226.000000,Astrolabe Bay Rural,Astrolabe Bay Rural LLG,Rai Coast District,Madang
0.80490469229,0.00150077747,Attols LLG,PG200106,North Bougainville District,PG2001,Autonomous Region of Bougainville,PG20,Papua New Guinea,PG,"12",2828.000000,Attols,Attols LLG,North Bougainville District,Bougainville
0.25984993790,0.00153668544,Aua Wuvulu LLG,PG160101,Manus District,PG1601,Manus Province,PG16,Papua New Guinea,PG,"7",1227.000000,Aua Wuvulu,Aua Wuvulu LLG,Manus District,Manus
1.08612896964,0.05036118359,Awi/Pori Rural LLG,PG210514,Koroba/Kopiago District,PG2105,Hela Province,PG21,Papua New Guinea,PG,"90",36814.000000,Awi/Pori Rural,Awi/Pori Rural LLG,Koroba/Kopiago District,Hela
9.15883536808,0.60331314343,Baimuru Rural LLG,PG020207,Kikori District,PG0202,Gulf Province,PG02,Papua New Guinea,PG,"43",15727.000001,Baimuru Rural,Baimuru Rural LLG,Kikori District,Gulf Province
1.62429509746,0.07470067051,Baiyer Rural LLG,PG090509,Mul/Baiyer District,PG0905,Western Highlands Province,PG09,Papua New Guinea,PG,"63",70430.000000,Baiyer Rural,Baiyer Rural LLG,Mul/Baiyer District,Western Highlands
0.39253899099,0.00423306852,Balanataman Rural LLG,PG180415,Rabaul District,PG1804,East New Britain Province,PG18,Papua New Guinea,PG,"22",36933.000001,Balanataman Rural,Balanataman Rural LLG,Rabaul District,East New Britain
0.92190684009,0.00779020859,Bali/Witu Rural LLG,PG190207,Talasea District,PG1902,West New Britain Province,PG19,Papua New Guinea,PG,"38",21414.000001,Bali/Witu Rural,Bali/Witu Rural LLG,Talasea District,West New Britain
0.07518522621,0.00020098877,Balimo Urban LLG,PG010101,Middle Fly District,PG0101,Western Province,PG01,Papua New Guinea,PG,"6",10289.000001,Balimo Urban LLG,Balimo Urban LLG,Middle Fly District,Western
0.59065602789,0.00366449978,Balopa LLG,PG160111,Manus District,PG1601,Manus Province,PG16,Papua New Guinea,PG,"15",3079.000000,Balopa,Balopa LLG,Manus District,Manus
8.47063934127,0.81458344259,Bamu Rural LLG,PG010102,Middle Fly District,PG0101,Western Province,PG01,Papua New Guinea,PG,"54",20294.354266,Bamu Rural LLG,Bamu Rural LLG,Delta Fly District,Western
0.96392002794,0.03766319250,Bana LLG,PG200311,South Bougainville District,PG2003,Autonomous Region of Bougainville,PG20,Papua New Guinea,PG,"90",78808.000001,Bana,Bana LLG,South Bougainville District,Bougainville
2.69190796166,0.31834303698,Bewani/Wutung Onei Rural LLG,PG150413,Vanimo/Green River District,PG1504,West Sepik (Sandaun) Province,PG15,Papua New Guinea,PG,"62",36200.000000,Bewani/Wutung Onei Rural,Bewani/Wutung Onei Rural LLG,Vanimo/Green River District,West Sepik (Sandaun)
4.24906255658,0.21002668595,Bialla Rural LLG,PG190206,Talasea District,PG1902,West New Britain Province,PG19,Papua New Guinea,PG,"101",80504.000000,Bialla Rural,Bialla Rural LLG,Nakanai District,West New Britain
1.61140755257,0.02220837774,Bisikani/Soparibeu LLG,PG160103,Manus District,PG1601,Manus Province,PG16,Papua New Guinea,PG,"16",7039.000000,Bisikani/Soparibeu,Bisikani/Soparibeu LLG,Manus District,Manus
0.63032628274,0.01333484442,Bitapaka Rural LLG,PG180206,Kokopo District,PG1802,East New Britain Province,PG18,Papua New Guinea,PG,"49",33230.000000,Bitapaka Rural,Bitapaka Rural LLG,Kokopo District,East New Britain
1.56548391851,0.07846419931,Boikin/Dagua Rural LLG,PG140414,Wewak District,PG1404,East Sepik Province,PG14,Papua New Guinea,PG,"66",22349.000000,Boikin/Dagua Rural,Boikin/Dagua Rural LLG,Wewak District,East Sepik
0.79377395155,0.02406272275,Bomai/Gumai Rural LLG,PG100204,Gumine District,PG1002,Chimbu (Simbu) Province,PG10,Papua New Guinea,PG,"41",12373.000000,Bomai/Gumai Rural,Bomai/Gumai Rural LLG,Gumine District,Chimbu (Simbu)
0.92098675906,0.04559222500,Buang Rural LLG,PG120129,Bulolo District,PG1201,Morobe Province,PG12,Papua New Guinea,PG,"28",13210.000000,Buang Rural,Buang Rural LLG,Bulolo District,Morobe
1.95193502981,0.11773383002,Buin LLG,PG200309,South Bougainville District,PG2003,Autonomous Region of Bougainville,PG20,Papua New Guinea,PG,"111",93583.000000,Buin,Buin LLG,South Bougainville District,Bougainville
1.67382864793,0.04991194109,Buka LLG,PG200104,North Bougainville District,PG2001,Autonomous Region of Bougainville,PG20,Papua New Guinea,PG,"58",96375.000000,Buka,Buka LLG,North Bougainville District,Bougainville
0.48263815811,0.01347488648,Bumbita/Muhian Rural LLG,PG140311,Maprik District,PG1403,East Sepik Province,PG14,Papua New Guinea,PG,"40",24045.000000,Bumbita/Muhian Rural,Bumbita/Muhian Rural LLG,Maprik District,East Sepik
2.78133491882,0.19130824309,Bundi Rural LLG,PG130615,Usino Bundi District,PG1306,Madang Province,PG13,Papua New Guinea,PG,"62",26524.000001,Bundi Rural,Bundi Rural LLG,Usino Bundi District,Madang
1.28846104838,0.06886808861,Burui/Kunai Rural LLG,PG140519,Wosera Gawi District,PG1405,East Sepik Province,PG14,Papua New Guinea,PG,"42",20197.000000,Burui/Kunai Rural,Burui/Kunai Rural LLG,Wosera Gawi District,East Sepik
1.37102205677,0.08420301605,Burum Kwat LLG,PG120206,Finschafen District,PG1202,Morobe Province,PG12,Papua New Guinea,PG,"54",12061.555981,Hube Rural,Burum Kwat LLG,Finschafen District,Morobe
5.28496033585,0.03379641893,Bwanabwana Rural LLG,PG050208,Samarai-Murua District,PG0502,Milne Bay Province,PG05,Papua New Guinea,PG,"35",20658.000000,Bwanabwana Rural,Bwanabwana Rural LLG,Samarai-Murua District,Milne Bay Province
0.47407942254,0.01092608229,Central Gazelle Rural LLG,PG180101,Gazelle District,PG1801,East New Britain Province,PG18,Papua New Guinea,PG,"31",45639.000002,Central Gazelle Rural,Central Gazelle Rural LLG,Gazelle District,East New Britain
2.05725544544,0.09018815035,Central Kerema Rural LLG,PG020101,Kerema District,PG0201,Gulf Province,PG02,Papua New Guinea,PG,"47",26704.999999,Central Kerema Rural,Central Kerema Rural LLG,Kerema District,Gulf Province
2.90993963818,0.35214623667,Central/Inland Pomio LLG,PG180310,Pomio District,PG1803,East New Britain Province,PG18,Papua New Guinea,PG,"98",26014.000000,Central/Inland Pomio,Central/Inland Pomio LLG,Pomio District,East New Britain
0.59244725471,0.01172593533,Chuave Rural LLG,PG100101,Chuave District,PG1001,Chimbu (Simbu) Province,PG10,Papua New Guinea,PG,"50",24855.999999,Chuave Rural,Chuave Rural LLG,Chuave District,Chimbu (Simbu)
3.43412282261,0.17730473211,Cloudy Bay Rural LLG,PG030103,Abau District,PG0301,Central Province,PG03,Papua New Guinea,PG,"56",14466.000001,Cloudy Bay Rural,Cloudy Bay Rural LLG,Abau District,Central
1.29529943989,0.05277629770,Daga Rural LLG,PG050102,Alotau District,PG0501,Milne Bay Province,PG05,Papua New Guinea,PG,"31",12132.000000,Daga Rural,Daga Rural LLG,Alotau District,Milne Bay Province
0.15264248479,0.00161134354,Daru Urban LLG,PG010311,South Fly District,PG0103,Western Province,PG01,Papua New Guinea,PG,"32",19397.000001,Daru Urban LLG,Daru Urban LLG,South Fly District,Western
0.96847163648,0.02274502511,Dei Rural LLG,PG090203,Dei District,PG0902,Western Highlands Province,PG09,Papua New Guinea,PG,"118",53868.513948,Dei Rural,Dei Rural LLG,Dei District,Western Highlands
1.07233456635,0.06762519118,Deyamos Rural LLG,PG120412,Kabwum District,PG1204,Morobe Province,PG12,Papua New Guinea,PG,"64",17843.000000,Deyamos Rural,Deyamos Rural LLG,Kabwum District,Morobe
3.83120661164,0.07436513206,Dobu Rural LLG,PG050415,Esa'ala District,PG0504,Milne Bay Province,PG05,Papua New Guinea,PG,"40",61274.000000,Dobu Rural,Dobu Rural LLG,Esa'ala District,Milne Bay Province
1.16552582962,0.05317182261,Dreikikier Rural LLG,PG140102,Ambunti/Drekikier District,PG1401,East Sepik Province,PG14,Papua New Guinea,PG,"111",36668.000002,Dreikikier Rural,Dreikikier Rural LLG,Ambunti/Drekikier District,East Sepik
1.99415392491,0.05447465597,Duau Rural LLG,PG050416,Esa'ala District,PG0504,Milne Bay Province,PG05,Papua New Guinea,PG,"30",34739.999998,Duau Rural,Duau Rural LLG,Esa'ala District,Milne Bay Province
0.74625917819,0.00523342926,Duke of York Rural LLG,PG180207,Kokopo District,PG1802,East New Britain Province,PG18,Papua New Guinea,PG,"24",19947.999999,Duke of York Rural,Duke of York Rural LLG,Kokopo District,East New Britain
0.98593634341,0.04151441918,Dunantina Rural LLG,PG110315,Henganofi District,PG1103,Eastern Highlands Province,PG11,Papua New Guinea,PG,"198",39806.758538,Dunantina Rural,Dunantina Rural LLG,Henganofi District,Eastern Highlands
2.84115120529,0.17379064934,East Aitape Rural LLG,PG150101,Aitape/Lumi District,PG1501,West Sepik (Sandaun) Province,PG15,Papua New Guinea,PG,"78",54713.999999,East Aitape Rural,East Aitape Rural LLG,Aitape/Lumi District,West Sepik (Sandaun)
1.93482429410,0.04744002339,East Kerema Rural LLG,PG020102,Kerema District,PG0201,Gulf Province,PG02,Papua New Guinea,PG,"33",19633.999999,East Kerema Rural,East Kerema Rural LLG,Kerema District,Gulf Province
12.75876990580,0.45400513504,East Kikori Rural LLG,PG020208,Kikori District,PG0202,Gulf Province,PG02,Papua New Guinea,PG,"49",19129.000000,East Kikori Rural,East Kikori Rural LLG,Kikori District,Gulf Province
1.55645783062,0.10531367538,East Okapa Rural LLG,PG110710,Okapa District,PG1107,Eastern Highlands Province,PG11,Papua New Guinea,PG,"113",29966.926300,East Okapa Rural,East Okapa Rural LLG,Okapa District,Eastern Highlands
1.26109799535,0.07386250252,East Pangia Rural LLG,PG070101,Ialibu/Pangia District,PG0701,Southern Highlands Province,PG07,Papua New Guinea,PG,"85",29205.000000,East Pangia Rural,East Pangia Rural LLG,Ialibu/Pangia District,Southern Highlands
1.89653866875,0.12353818588,East Pomio Rural LLG,PG180311,Pomio District,PG1803,East New Britain Province,PG18,Papua New Guinea,PG,"30",8707.000000,East Pomio Rural,East Pomio Rural LLG,Pomio District,East New Britain
1.36808226673,0.06745903414,East Wapei Rural LLG,PG150102,Aitape/Lumi District,PG1501,West Sepik (Sandaun) Province,PG15,Papua New Guinea,PG,"53",16956.000000,East Wapei Rural,East Wapei Rural LLG,Aitape/Lumi District,West Sepik (Sandaun)
1.33440980600,0.06310721201,East Yangoru Rural LLG,PG140623,Yangoru Saussia District,PG1406,East Sepik Province,PG14,Papua New Guinea,PG,"49",22909.000000,East Yangoru Rural,East Yangoru Rural LLG,Yangoru Saussia District,East Sepik
0.61415794766,0.01819131252,Elimbari Rural LLG,PG100102,Chuave District,PG1001,Chimbu (Simbu) Province,PG10,Papua New Guinea,PG,"65",18574.903756,Elimbari Rural,Elimbari Rural LLG,Chuave District,Chimbu (Simbu)
2.87116879870,0.19870754798,Erave Rural LLG,PG070308,Kagua/Erave District,PG0703,Southern Highlands Province,PG07,Papua New Guinea,PG,"104",23814.000000,Erave Rural,Erave Rural LLG,Kagua/Erave District,Southern Highlands
0.65033532494,0.02066496817,Fayantina Rural LLG,PG110316,Henganofi District,PG1103,Eastern Highlands Province,PG11,Papua New Guinea,PG,"138",27210.936218,Fayantina Rural,Fayantina Rural LLG,Henganofi District,Eastern Highlands
0.19311612835,0.00154102456,Finschafen Urban LLG,PG120233,Finschafen District,PG1202,Morobe Province,PG12,Papua New Guinea,PG,"9",5746.906132,Finschafen Urban,Finschafen Urban LLG,Finschafen District,Morobe
1.23406288133,0.07652881820,Gadsup/Tairora Rural LLG,PG110419,Kainanatu District,PG1104,Eastern Highlands Province,PG11,Papua New Guinea,PG,"123",31888.951192,Gadsup/Tairora Rural,Gadsup/Tairora Rural LLG,Kainanatu District,Eastern Highlands
0.76221158956,0.01431079581,Gahuku Rural LLG,PG110202,Goroka District,PG1102,Eastern Highlands Province,PG11,Papua New Guinea,PG,"286",109275.266571,Gahuku Rural,Gahuku Rural LLG,Goroka District,Eastern Highlands
2.80864213301,0.15781871915,Gama Rural LLG,PG130619,Usino Bundi District,PG1306,Madang Province,PG13,Papua New Guinea,PG,"23",15101.248356,Gama  Rural,Gama Rural LLG,Usino Bundi District,Madang
4.73190073126,0.27890504821,Gasmata Rural LLG,PG190101,Kandrian/Gloucester District,PG1901,West New Britain Province,PG19,Papua New Guinea,PG,"42",12767.000000,Gasmata Rural,Gasmata Rural LLG,Kandrian/Gloucester District,West New Britain
1.06384406050,0.03885951917,Gawanga Rural LLG,PG140103,Ambunti/Drekikier District,PG1401,East Sepik Province,PG14,Papua New Guinea,PG,"30",28569.000000,Gawanga Rural,Gawanga Rural LLG,Ambunti/Drekikier District,East Sepik
1.40697254171,0.11281085417,Gawi Rural LLG,PG140520,Wosera Gawi District,PG1405,East Sepik Province,PG14,Papua New Guinea,PG,"41",15790.000000,Gawi Rural,Gawi Rural LLG,Wosera Gawi District,East Sepik
0.59693137586,0.01496677075,Gena/Waugla Rural LLG,PG100410,Kerowagi District,PG1004,Chimbu (Simbu) Province,PG10,Papua New Guinea,PG,"81",38515.000001,Gena/Waugla Rural,Gena/Waugla Rural LLG,Kerowagi District,Chimbu (Simbu)
1.94924877481,0.11517749255,Gloucester Rural LLG,PG190102,Kandrian/Gloucester District,PG1901,West New Britain Province,PG19,Papua New Guinea,PG,"61",16184.000000,Gloucester Rural,Gloucester Rural LLG,Kandrian/Gloucester District,West New Britain
6.10236303492,0.62626375143,Gogodala Rural LLG,PG010103,Middle Fly District,PG0101,Western Province,PG01,Papua New Guinea,PG,"70",49798.000001,Gogodala Rural LLG,Gogodala Rural LLG,Delta Fly District,Western
1.14623488245,0.05804135335,Goodenough Island LLG,PG050313,Kiriwina-Goodenough District,PG0503,Milne Bay Province,PG05,Papua New Guinea,PG,"39",46833.303369,Goodenough Isla,Goodenough Island LLG,Kiriwina-Goodenough District,Milne Bay Province
0.17437394470,0.00055901472,Goroka Urban LLG,PG110203,Goroka District,PG1102,Eastern Highlands Province,PG11,Papua New Guinea,PG,"61",31865.999999,Goroka Urban,Goroka Urban LLG,Goroka District,Eastern Highlands
2.74397626443,0.35335584056,Green River Rural LLG,PG150414,Vanimo/Green River District,PG1504,West Sepik (Sandaun) Province,PG15,Papua New Guinea,PG,"70",23757.000000,Green River Rural,Green River Rural LLG,Vanimo/Green River District,West Sepik (Sandaun)
2.36814297136,0.23862715113,Guari Rural LLG,PG030204,Goilala District,PG0302,Central Province,PG03,Papua New Guinea,PG,"59",5674.000000,Guari Rural,Guari Rural LLG,Goilala District,Central
0.80378833504,0.02739729895,Gumine Rural LLG,PG100205,Gumine District,PG1002,Chimbu (Simbu) Province,PG10,Papua New Guinea,PG,"51",26295.000000,Gumine Rural,Gumine Rural LLG,Gumine District,Chimbu (Simbu)
0.78642701752,0.01920888058,Hayapuga Rural LLG,PG210827,Tari/Pori District,PG2108,Hela Province,PG21,Papua New Guinea,PG,"21",75061.999998,Hayapuga Rural,Hayapuga Rural LLG,Tari/Pori District,Hela
1.26075000617,0.07556596075,Higaturu Rural LLG,PG060206,Sohe District,PG0602,Northern (Oro) Province,PG06,Papua New Guinea,PG,"190",72266.000001,Higaturu Rural,Higaturu Rural LLG,Sohe District,Northern (Oro)
3.29588735310,0.13473204227,Hiri Rural LLG,PG030307,Kairuku - Hiri District,PG0303,Central Province,PG03,Papua New Guinea,PG,"77",73266.000001,Hiri Rural,Hiri Rural LLG,Hiri-Koiari District,Central
1.07478065719,0.04743034083,Hoskins Rural LLG,PG190208,Talasea District,PG1902,West New Britain Province,PG19,Papua New Guinea,PG,"45",42579.000001,Hoskins Rural,Hoskins Rural LLG,Nakanai District,West New Britain
0.73393875068,0.02304702593,Hube Rural LLG,PG120232,Finschafen District,PG1202,Morobe Province,PG12,Papua New Guinea,PG,"51",20319.727813,Burum Kwat,Hube Rural LLG,Finschafen District,Morobe
3.44648836112,0.12185930347,Huhu Rural LLG,PG050105,Alotau District,PG0501,Milne Bay Province,PG05,Papua New Guinea,PG,"80",67852.999997,Huhu Rural,Huhu Rural LLG,Alotau District,Milne Bay Province
1.17090398695,0.09114121837,Hulia Rural LLG,PG210411,Komo/Magarima District,PG2104,Hela Province,PG21,Papua New Guinea,PG,"72",121413.999998,Hulia Rural,Hulia Rural LLG,Hulia District,Hela
0.35180291749,0.00684433036,Iabu Rural LLG,PG130102,Bogia District,PG1301,Madang Province,PG13,Papua New Guinea,PG,"19",6280.000000,Iabu Rural,Iabu Rural LLG,Bogia District,Madang
0.74904770251,0.02699776131,Ialibu Basin Rural LLG,PG070205,Imbonggu District,PG0702,Southern Highlands Province,PG07,Papua New Guinea,PG,"91",35564.000000,Ialibu Basin Rural,Ialibu Basin Rural LLG,Imbonggu District,Southern Highlands
0.24973857823,0.00263696629,Ialibu Urban LLG,PG070102,Ialibu/Pangia District,PG0701,Southern Highlands Province,PG07,Papua New Guinea,PG,"33",18320.000000,Ialibu Urban,Ialibu Urban LLG,Ialibu/Pangia District,Southern Highlands
3.65715289460,0.27466953587,Ihu Rural LLG,PG020209,Kikori District,PG0202,Gulf Province,PG02,Papua New Guinea,PG,"70",23883.000000,Ihu Rural,Ihu Rural LLG,Kikori District,Gulf Province
0.91911222082,0.03768886864,Imbongu Rural LLG,PG070206,Imbonggu District,PG0702,Southern Highlands Province,PG07,Papua New Guinea,PG,"41",49374.000001,Imbongu Rural,Imbongu Rural LLG,Imbonggu District,Southern Highlands
1.34780954427,0.07678851698,Inland Baining Rural LLG,PG180102,Gazelle District,PG1801,East New Britain Province,PG18,Papua New Guinea,PG,"55",38982.999999,Inland Baining Rural,Inland Baining Rural LLG,Gazelle District,East New Britain
1.87968462569,0.12942232422,Jimi Rural LLG,PG220406,Jimi District,PG2204,Jiwaka Province,PG22,Papua New Guinea,PG,"69",46550.000000,Jimi Rural,Jimi Rural LLG,Jimi District,Jiwaka
2.82921246405,0.21538182090,Josephstaal Rural LLG,PG130308,Middle Ramu District,PG1303,Madang Province,PG13,Papua New Guinea,PG,"94",30538.000000,Josephstaal Rural,Josephstaal Rural LLG,Middle Ramu District,Madang
0.69465947927,0.02287534640,Kafentina Rural LLG,PG110304,Henganofi District,PG1103,Eastern Highlands Province,PG11,Papua New Guinea,PG,"143",36443.305245,Kafentina Rural,Kafentina Rural LLG,Henganofi District,Eastern Highlands
0.90057061783,0.03735547676,Kagua Rural LLG,PG070309,Kagua/Erave District,PG0703,Southern Highlands Province,PG07,Papua New Guinea,PG,"86",40856.201828,Kagua Rural,Kagua Rural LLG,Kagua/Erave District,Southern Highlands
0.11205395675,0.00024229929,Kainantu Urban LLG,PG110406,Kainanatu District,PG1104,Eastern Highlands Province,PG11,Papua New Guinea,PG,"31",15138.000000,Kainantu Urban,Kainantu Urban LLG,Kainanatu District,Eastern Highlands
1.29082404583,0.04903991929,Kaintiba Rural LLG,PG020103,Kerema District,PG0201,Gulf Province,PG02,Papua New Guinea,PG,"49",16205.000000,Kaintiba Rural,Kaintiba Rural LLG,Kerema District,Gulf Province
3.33381024236,0.14225414275,Kairuku Rural LLG,PG030308,Kairuku - Hiri District,PG0303,Central Province,PG03,Papua New Guinea,PG,"105",33438.999999,Kairuku Rural,Kairuku Rural LLG,Kairuku - Hiri District,Central
0.43028367349,0.01127709752,Kamano No. 1 Rural LLG,PG110417,Kainanatu District,PG1104,Eastern Highlands Province,PG11,Papua New Guinea,PG,"43",17676.667976,Kamano No. 1 Rural,Kamano No. 1 Rural LLG,Kainanatu District,Eastern Highlands
0.53872287596,0.01929885331,Kamano No. 2 Rural LLG,PG110405,Kainanatu District,PG1104,Eastern Highlands Province,PG11,Papua New Guinea,PG,"51",13302.714821,Kamano No. 2 Rural,Kamano No. 2 Rural LLG,Kainanatu District,Eastern Highlands
1.68042213498,0.07011231254,Kandep Rural LLG,PG080101,Kandep District,PG0801,Enga Province,PG08,Papua New Guinea,PG,"68",44215.000000,Kandep Rural,Kandep Rural LLG,Kandep District,Enga
6.33386394975,0.18493054996,Kandrian Coastal Rural LLG,PG190103,Kandrian/Gloucester District,PG1901,West New Britain Province,PG19,Papua New Guinea,PG,"57",18582.000000,Kandrian Coastal Rural,Kandrian Coastal Rural LLG,Kandrian/Gloucester District,West New Britain
2.26248313436,0.20610471496,Kandrian Inland Rural LLG,PG190104,Kandrian/Gloucester District,PG1901,West New Britain Province,PG19,Papua New Guinea,PG,"80",21250.000000,Kandrian Inland Rural,Kandrian Inland Rural LLG,Kandrian/Gloucester District,West New Britain
2.00277609904,0.12056495138,Kapao Rural LLG,PG120730,Menyamya District,PG1207,Morobe Province,PG12,Papua New Guinea,PG,"66",44199.864596,Kapao Rural,Kapao Rural LLG,Menyamya District,Morobe
3.26316873917,0.62355544314,Karawari Rural LLG,PG140206,Angoram District,PG1402,East Sepik Province,PG14,Papua New Guinea,PG,"59",27051.000000,Karawari Rural,Karawari Rural LLG,Angoram District,East Sepik
2.93555523933,0.24634322411,Karimui Rural LLG,PG100307,Karimui/Nomane District,PG1003,Chimbu (Simbu) Province,PG10,Papua New Guinea,PG,"86",38585.999999,Karimui Rural,Karimui Rural LLG,Karimui/Nomane District,Chimbu (Simbu)
0.56601048518,0.01563520143,Karints Rural LLG,PG070618,Mendi/Munihu District,PG0706,Southern Highlands Province,PG07,Papua New Guinea,PG,"72",40740.000001,Karints Rural,Karints Rural LLG,Mendi/Munihu District,Southern Highlands
0.98413848584,0.03544730743,Karkar Rural LLG,PG130513,Sumkar District,PG1305,Madang Province,PG13,Papua New Guinea,PG,"107",67991.000000,Karkar Rural,Karkar Rural LLG,Sumkar District,Madang
0.30731532881,0.00184127884,Kavieng Urban LLG,PG170104,Kavieng District,PG1701,New Ireland Province,PG17,Papua New Guinea,PG,"53",22725.000000,Kavieng Urban,Kavieng Urban LLG,Kavieng District,New Ireland
2.29060132218,0.27955994194,Keram Rural LLG,PG140207,Angoram District,PG1402,East Sepik Province,PG14,Papua New Guinea,PG,"71",35462.000000,Keram Rural,Keram Rural LLG,Angoram District,East Sepik
0.05503950289,0.00014469010,Kerema Urban LLG,PG020104,Kerema District,PG0201,Gulf Province,PG02,Papua New Guinea,PG,"12",8527.000000,Kerema Urban,Kerema Urban LLG,Kerema District,Gulf Province
0.06415133731,0.00017141898,Kerowagi Urban LLG,PG100420,Kerowagi District,PG1004,Chimbu (Simbu) Province,PG10,Papua New Guinea,PG,"7",7911.204641,Kerowagi Urban,Kerowagi Urban LLG,Kerowagi District,Chimbu (Simbu)
0.86441224002,0.02093231266,Kewabi Rural LLG,PG070103,Ialibu/Pangia District,PG0701,Southern Highlands Province,PG07,Papua New Guinea,PG,"124",38309.000001,Kewabi Rural,Kewabi Rural LLG,Ialibu/Pangia District,Southern Highlands
0.12948842009,0.00041518434,Kimbe Urban LLG,PG190209,Talasea District,PG1902,West New Britain Province,PG19,Papua New Guinea,PG,"32",23931.999999,Kimbe Urban,Kimbe Urban LLG,Talasea District,West New Britain
1.80215864019,0.10912479116,Kira Rural LLG,PG060208,Sohe District,PG0602,Northern (Oro) Province,PG06,Papua New Guinea,PG,"30",3583.000000,Kira Rural,Kira Rural LLG,Sohe District,Northern (Oro)
3.12693339725,0.03143554012,Kiriwina Rural LLG,PG050312,Kiriwina-Goodenough District,PG0503,Milne Bay Province,PG05,Papua New Guinea,PG,"99",51880.000000,Kiriwina Rural,Kiriwina Rural LLG,Kiriwina-Goodenough District,Milne Bay Province
5.23751017252,0.60691471618,Kiunga Rural LLG,PG010206,North Fly District,PG0102,Western Province,PG01,Papua New Guinea,PG,"75",23549.000000,Kiunga Rural LLG,Kiunga Rural LLG,North Fly District,Western
0.16023814902,0.00139303089,Kiunga Urban LLG,PG010207,North Fly District,PG0102,Western Province,PG01,Papua New Guinea,PG,"15",26778.000000,Kiunga Urban LLG,Kiunga Urban LLG,North Fly District,Western
13.40361518370,0.17223217967,Kiwai Rural LLG,PG010312,South Fly District,PG0103,Western Province,PG01,Papua New Guinea,PG,"51",27533.000000,Kiwai Rural LLG,Kiwai Rural LLG,South Fly District,Western
2.32467750477,0.28444371781,Koiari Rural LLG,PG030309,Kairuku - Hiri District,PG0303,Central Province,PG03,Papua New Guinea,PG,"117",32043.000001,Koiari Rural,Koiari Rural LLG,Hiri-Koiari District,Central
2.53847171373,0.26459871219,Kokoda Rural LLG,PG060205,Sohe District,PG0602,Northern (Oro) Province,PG06,Papua New Guinea,PG,"118",29702.000000,Kokoda Rural,Kokoda Rural LLG,Sohe District,Northern (Oro)
0.56397803002,0.01099059696,Kokopo/Vunamami Urban LLG,PG180208,Kokopo District,PG1802,East New Britain Province,PG18,Papua New Guinea,PG,"46",40231.000001,Kokopo/Vunamami Urban,Kokopo/Vunamami Urban LLG,Kokopo District,East New Britain
1.04019434424,0.04789385889,Kol Rural LLG,PG220407,Jimi District,PG2204,Jiwaka Province,PG22,Papua New Guinea,PG,"58",19964.000000,Kol Rural,Kol Rural LLG,Jimi District,Jiwaka
1.30467312672,0.08907071954,Komba Rural LLG,PG120431,Kabwum District,PG1204,Morobe Province,PG12,Papua New Guinea,PG,"35",12971.000000,Komba Rural,Komba Rural LLG,Kabwum District,Morobe
0.30982406165,0.00214405394,Kombiu Rural LLG,PG180416,Rabaul District,PG1804,East New Britain Province,PG18,Papua New Guinea,PG,"21",18356.000000,Kombiu Rural,Kombiu Rural LLG,Rabaul District,East New Britain
1.65048644264,0.08773821459,Kome Rural LLG,PG120721,Menyamya District,PG1207,Morobe Province,PG12,Papua New Guinea,PG,"94",38551.000000,Kome Rural,Kome Rural LLG,Menyamya District,Morobe
1.53392705959,0.08506037020,Komo Rural LLG,PG210412,Komo/Magarima District,PG2104,Hela Province,PG21,Papua New Guinea,PG,"51",86355.999999,Komo Rural,Komo Rural LLG,Hulia District,Hela
1.93226538683,0.15616193586,Kompiam Rural LLG,PG080204,Kompiam District,PG0802,Enga Province,PG08,Papua New Guinea,PG,"81",35641.065977,Kompiam Rural,Kompiam Rural LLG,Kompiam District,Enga
2.88782083074,0.25478429501,Konoagil Rural LLG,PG170207,Namatanai District,PG1702,New Ireland Province,PG17,Papua New Guinea,PG,"52",16734.297439,Konoagil Rural,Konoagil Rural LLG,Namatanai District,New Ireland
2.31638881613,0.18332559029,Kotidanga Rural LLG,PG020105,Kerema District,PG0201,Gulf Province,PG02,Papua New Guinea,PG,"54",29197.999999,Kotidanga Rural,Kotidanga Rural LLG,Kerema District,Gulf Province
1.23724857637,0.03957971096,Kotna Rural LLG,PG090214,Dei District,PG0902,Western Highlands Province,PG09,Papua New Guinea,PG,"175",53749.486051,Kotna Rural,Kotna Rural LLG,Dei District,Western Highlands
0.83111080406,0.03188734409,Kotte Rural LLG,PG120207,Finschafen District,PG1202,Morobe Province,PG12,Papua New Guinea,PG,"48",16906.000000,Kotte Rural,Kotte Rural LLG,Finschafen District,Morobe
3.50709135500,0.29253906952,Kove/Kaliai Rural LLG,PG190105,Kandrian/Gloucester District,PG1901,West New Britain Province,PG19,Papua New Guinea,PG,"76",27080.000000,Kove/Kaliai Rural,Kove/Kaliai Rural LLG,Kandrian/Gloucester District,West New Britain
1.69827166462,0.13750922649,Kovon LLG,PG130317,Middle Ramu District,PG1303,Madang Province,PG13,Papua New Guinea,PG,"17",21943.000002,Kovon,Kovon LLG,Middle Ramu District,Madang
0.86081101916,0.02975588839,Kuare Rural LLG,PG070310,Kagua/Erave District,PG0703,Southern Highlands Province,PG07,Papua New Guinea,PG,"92",28146.000000,Kuare Rural,Kuare Rural LLG,Kagua/Erave District,Southern Highlands
0.08207191351,0.00028664337,Kundiawa Urban LLG,PG100513,Kundiawa/Gembogl District,PG1005,Chimbu (Simbu) Province,PG10,Papua New Guinea,PG,"29",24414.000000,Kundiawa Urban,Kundiawa Urban LLG,Kundiawa/Gembogl District,Chimbu (Simbu)
2.11997916441,0.08592376238,Kunua LLG,PG200102,North Bougainville District,PG2001,Autonomous Region of Bougainville,PG20,Papua New Guinea,PG,"53",32017.000001,Kunua,Kunua LLG,North Bougainville District,Bougainville
0.66323877935,0.01602523067,Kup Rural LLG,PG100412,Kerowagi District,PG1004,Chimbu (Simbu) Province,PG10,Papua New Guinea,PG,"36",21917.000000,Kup Rural,Kup Rural LLG,Kerowagi District,Chimbu (Simbu)
1.60820824599,0.06855160147,Labuta Rural LLG,PG120823,Nawae District,PG1208,Morobe Province,PG12,Papua New Guinea,PG,"33",24544.999999,Labuta Rural,Labuta Rural LLG,Nawae District,Morobe
0.45255357409,0.00355144204,Lae Urban LLG,PG120516,Lae District,PG1205,Morobe Province,PG12,Papua New Guinea,PG,"185",110910.999996,Lae Urban,Lae Urban LLG,Lae District,Morobe
1.38168063423,0.05559552683,Lagaip Rural LLG,PG080306,Lagaip/Pogera District,PG0803,Enga Province,PG08,Papua New Guinea,PG,"41",38353.331619,Lagaip Rural,Lagaip Rural LLG,Laigap District,Enga
0.83508038538,0.03067334979,Lai Valley Rural LLG,PG070619,Mendi/Munihu District,PG0706,Southern Highlands Province,PG07,Papua New Guinea,PG,"97",50273.000002,Lai Valley Rural,Lai Valley Rural LLG,Mendi/Munihu District,Southern Highlands
2.46839441263,0.22396084450,Lake Kopiago Rural LLG,PG210515,Koroba/Kopiago District,PG2105,Hela Province,PG21,Papua New Guinea,PG,"204",40931.999999,Lake Kopiago Rural,Lake Kopiago Rural LLG,Koroba/Kopiago District,Hela
2.33193209946,0.22809227864,Lake Kutubu Rural LLG,PG070722,Nipa/Kutubu District,PG0707,Southern Highlands Province,PG07,Papua New Guinea,PG,"61",29571.000000,Lake Kutubu Rural,Lake Kutubu Rural LLG,Nipa/Kutubu District,Southern Highlands
6.92864449952,1.03383413019,Lake Murray Rural LLG,PG010104,Middle Fly District,PG0101,Western Province,PG01,Papua New Guinea,PG,"43",18510.000000,Lake Murray Rural LLG,Lake Murray Rural LLG,Middle Fly District,Western
2.40913538409,0.21961026342,Lakekamu-Tauri Rural LLG,PG020106,Kerema District,PG0201,Gulf Province,PG02,Papua New Guinea,PG,"46",26681.000001,Lakekamu-Tauri Rural,Lakekamu-Tauri Rural LLG,Kerema District,Gulf Province
1.14861910011,0.05719825677,Lamari Rural LLG,PG110608,Obura/Wonenara District,PG1106,Eastern Highlands Province,PG11,Papua New Guinea,PG,"117",14073.000000,Lamari Rural,Lamari Rural LLG,Obura/Wonenara District,Eastern Highlands
2.48287165374,0.16380564134,Lassul Baining Rural LLG,PG180103,Gazelle District,PG1801,East New Britain Province,PG18,Papua New Guinea,PG,"48",19390.999999,Lassul Baining Rural,Lassul Baining Rural LLG,Gazelle District,East New Britain
1.39421230157,0.01836754529,Lelemadih/Bupichupeu LLG,PG160105,Manus District,PG1601,Manus Province,PG16,Papua New Guinea,PG,"29",9900.000000,Lelemadih/Bupichupeu,Lelemadih/Bupichupeu LLG,Manus District,Manus
0.47019007308,0.00941991489,Livuan/Reimber Rural LLG,PG180104,Gazelle District,PG1801,East New Britain Province,PG18,Papua New Guinea,PG,"36",38624.999999,Livuan/Reimber Rural,Livuan/Reimber Rural LLG,Gazelle District,East New Britain
0.16302296093,0.00066257583,Lorengau Urban LLG,PG160106,Manus District,PG1601,Manus Province,PG16,Papua New Guinea,PG,"21",11853.000000,Lorengau Urban,Lorengau Urban LLG,Manus District,Manus
0.74350582623,0.00416824661,Los Negros LLG,PG160107,Manus District,PG1601,Manus Province,PG16,Papua New Guinea,PG,"15",5348.000000,Los Negros,Los Negros LLG,Manus District,Manus
3.64186858336,0.02515207160,Louisiade Rural LLG,PG050209,Samarai-Murua District,PG0502,Milne Bay Province,PG05,Papua New Guinea,PG,"103",150674.999997,Louisiade Rural,Louisiade Rural LLG,Samarai-Murua District,Milne Bay Province
3.49606168008,0.10270616755,Lovongai Rural LLG,PG170102,Kavieng District,PG1701,New Ireland Province,PG17,Papua New Guinea,PG,"85",31882.000000,Lovongai Rural,Lovongai Rural LLG,Kavieng District,New Ireland
0.78072530732,0.01478316503,Lower Asaro Rural LLG,PG110112,Daulo District,PG1101,Eastern Highlands Province,PG11,Papua New Guinea,PG,"146",60426.215519,Lower Asaro Rural,Lower Asaro Rural LLG,Daulo District,Eastern Highlands
0.62474577304,0.01901598316,Lower Benna LLG,PG110811,Unggai/Benna District,PG1108,Eastern Highlands Province,PG11,Papua New Guinea,PG,"138",61446.958506,Lower Benna,Lower Benna LLG,Unggai/Benna District,Eastern Highlands
1.17683345712,0.03954405358,Lower Mendi Rural LLG,PG070207,Imbonggu District,PG0702,Southern Highlands Province,PG07,Papua New Guinea,PG,"138",45347.000000,Lower Mendi Rural,Lower Mendi Rural LLG,Imbonggu District,Southern Highlands
0.87107047312,0.03333478101,Lower Wage LLG,PG210413,Komo/Magarima District,PG2104,Hela Province,PG21,Papua New Guinea,PG,"76",42180.650428,Lower Wage,Lower Wage LLG,Komo/Magarima District,Hela
0.58956682177,0.01355977264,Lumusa Rural LLG,PG090510,Mul/Baiyer District,PG0905,Western Highlands Province,PG09,Papua New Guinea,PG,"52",12738.000000,Lumusa Rural,Lumusa Rural LLG,Mul/Baiyer District,Western Highlands
0.26564854476,0.00145571401,Madang Urban LLG,PG130205,Madang District,PG1302,Madang Province,PG13,Papua New Guinea,PG,"85",53618.000001,Madang Urban,Madang Urban LLG,Madang District,Madang
1.26139262528,0.09361647727,Maimai Wanwan LLG,PG150217,Nuku District,PG1502,West Sepik (Sandaun) Province,PG15,Papua New Guinea,PG,"22",18654.000000,Maimai Wanwan,Maimai Wanwan LLG,Nuku District,West Sepik (Sandaun)
1.49983290816,0.08761466965,Maip Muritaka Rural LLG,PG080307,Lagaip/Pogera District,PG0803,Enga Province,PG08,Papua New Guinea,PG,"34",26450.000001,Maip Muritaka Rural,Maip Muritaka Rural LLG,Pogera-Paiela District,Enga
3.15450170274,0.16044938075,Makamaka Rural LLG,PG050101,Alotau District,PG0501,Milne Bay Province,PG05,Papua New Guinea,PG,"37",20131.000000,Makamaka Rural,Makamaka Rural LLG,Alotau District,Milne Bay Province
0.66703191860,0.01299300339,Maprik/Wora Rural LLG,PG140312,Maprik District,PG1403,East Sepik Province,PG14,Papua New Guinea,PG,"39",34280.000000,Maprik/Wora Rural,Maprik/Wora Rural LLG,Maprik District,East Sepik
2.35319426946,0.03459754433,Maramatana Rural LLG,PG050104,Alotau District,PG0501,Milne Bay Province,PG05,Papua New Guinea,PG,"21",28199.000000,Maramatana Rural,Maramatana Rural LLG,Alotau District,Milne Bay Province
1.11708658008,0.04457995876,Maramuni Rural LLG,PG080412,Wabag District,PG0804,Enga Province,PG08,Papua New Guinea,PG,"19",7020.000000,Maramuni Rural,Maramuni Rural LLG,Wabag District,Enga
4.90868311565,0.30774366500,Marienberg Rural LLG,PG140208,Angoram District,PG1402,East Sepik Province,PG14,Papua New Guinea,PG,"64",37329.999999,Marienberg Rural,Marienberg Rural LLG,Angoram District,East Sepik
1.16313798385,0.04922025983,Mawase Rural LLG,PG150205,Nuku District,PG1502,West Sepik (Sandaun) Province,PG15,Papua New Guinea,PG,"39",34760.000001,Mawase Rural,Mawase Rural LLG,Nuku District,West Sepik (Sandaun)
2.25691313042,0.23204583973,Mekeo Kuni Rural LLG,PG030310,Kairuku - Hiri District,PG0303,Central Province,PG03,Papua New Guinea,PG,"74",36958.000000,Mekeo Kuni Rural,Mekeo Kuni Rural LLG,Kairuku - Hiri District,Central
1.89135562111,0.11553681819,Melkoi Rural LLG,PG180312,Pomio District,PG1803,East New Britain Province,PG18,Papua New Guinea,PG,"52",12739.000000,Melkoi Rural,Melkoi Rural LLG,Pomio District,East New Britain
0.13886530513,0.00123816507,Mendi Urban LLG,PG070620,Mendi/Munihu District,PG0706,Southern Highlands Province,PG07,Papua New Guinea,PG,"39",40918.000000,Mendi Urban,Mendi Urban LLG,Mendi/Munihu District,Southern Highlands
0.58333071690,0.01278955795,Mimanalo Rural LLG,PG110214,Goroka District,PG1102,Eastern Highlands Province,PG11,Papua New Guinea,PG,"157",70832.733428,Mimanalo Rural,Mimanalo Rural LLG,Goroka District,Eastern Highlands
0.57280789129,0.01922887785,Mitnande Rural LLG,PG100514,Kundiawa/Gembogl District,PG1005,Chimbu (Simbu) Province,PG10,Papua New Guinea,PG,"79",23537.000000,Mitnande Rural,Mitnande Rural LLG,Kundiawa/Gembogl District,Chimbu (Simbu)
8.14610817670,1.90070844416,Morehead Rural LLG,PG010313,South Fly District,PG0103,Western Province,PG01,Papua New Guinea,PG,"72",21617.000000,Morehead Rural LLG,Morehead Rural LLG,South Fly District,Western
4.17839788950,0.13883201731,Morobe Rural LLG,PG120309,Huon District,PG1203,Morobe Province,PG12,Papua New Guinea,PG,"40",26858.000000,Morobe Rural,Morobe Rural LLG,Huon District,Morobe
1.75783065602,0.14210765497,Mosa Rural LLG,PG190210,Talasea District,PG1902,West New Britain Province,PG19,Papua New Guinea,PG,"33",58233.999998,Mosa Rural,Mosa Rural LLG,Nakanai District,West New Britain
3.33392257968,0.32224878963,Mt Bosavi Rural LLG,PG070723,Nipa/Kutubu District,PG0707,Southern Highlands Province,PG07,Papua New Guinea,PG,"54",6162.000000,Mt Bosavi Rural,Mt Bosavi Rural LLG,Nipa/Kutubu District,Southern Highlands
0.35397136141,0.00563406556,Mt Digine Rural LLG,PG100206,Gumine District,PG1002,Chimbu (Simbu) Province,PG10,Papua New Guinea,PG,"43",23117.000001,Mt Digine Rural,Mt Digine Rural LLG,Gumine District,Chimbu (Simbu)
1.32737971513,0.06467248935,Mt Giluwe Rural LLG,PG090712,Tambul/Nebilyer District,PG0907,Western Highlands Province,PG09,Papua New Guinea,PG,"134",53556.000000,Mt Giluwe Rural,Mt Giluwe Rural LLG,Tambul/Nebilyer District,Western Highlands
1.20251692413,0.02465141705,Mt Hagen Rural LLG,PG090304,Mt Hagen District,PG0903,Western Highlands Province,PG09,Papua New Guinea,PG,"298",134202.000002,Mt Hagen Rural,Mt Hagen Rural LLG,Mt Hagen District,Western Highlands
0.26903944665,0.00079398346,Mt Hagen Urban LLG,PG090305,Mt Hagen District,PG0903,Western Highlands Province,PG09,Papua New Guinea,PG,"70",47063.999998,Mt Hagen Urban,Mt Hagen Urban LLG,Mt Hagen District,Western Highlands
1.03178649073,0.04072987054,Mt. Michael Rural LLG,PG110520,Lufa District,PG1105,Eastern Highlands Province,PG11,Papua New Guinea,PG,"86",21660.225559,Mt. Michael Rural,Mt. Michael Rural LLG,Lufa District,Eastern Highlands
0.87784489170,0.02424452470,Mul Rural LLG,PG090508,Mul/Baiyer District,PG0905,Western Highlands Province,PG09,Papua New Guinea,PG,"78",54596.999999,Mul Rural,Mul Rural LLG,Mul/Baiyer District,Western Highlands
1.72151627461,0.10733231301,Mumeng Rural LLG,PG120101,Bulolo District,PG1201,Morobe Province,PG12,Papua New Guinea,PG,"54",32964.000001,Mumeng Rural,Mumeng Rural LLG,Bulolo District,Morobe
1.94314575200,0.03172081629,Murat Rural LLG,PG170101,Kavieng District,PG1701,New Ireland Province,PG17,Papua New Guinea,PG,"37",4368.000000,Murat Rural,Murat Rural LLG,Kavieng District,New Ireland
4.19539929228,0.07723924310,Murua Rural LLG,PG050211,Samarai-Murua District,PG0502,Milne Bay Province,PG05,Papua New Guinea,PG,"26",45878.999999,Murua Rural,Murua Rural LLG,Samarai-Murua District,Milne Bay Province
1.08509685661,0.06120627109,Nabak Rural LLG,PG120824,Nawae District,PG1208,Morobe Province,PG12,Papua New Guinea,PG,"39",21652.999999,Nabak Rural,Nabak Rural LLG,Nawae District,Morobe
1.64484911069,0.09555825934,Naho Rawa Rural LLG,PG130411,Rai Coast District,PG1304,Madang Province,PG13,Papua New Guinea,PG,"41",17082.000001,Naho Rawa Rural,Naho Rawa Rural LLG,Rai Coast District,Madang
0.80612884879,0.01322690078,Nali Sopat/Penabu LLG,PG160108,Manus District,PG1601,Manus Province,PG16,Papua New Guinea,PG,"18",6350.000000,Nali Sopat/Penabu,Nali Sopat/Penabu LLG,Manus District,Manus
2.59099470322,0.10196195821,Namatanai Rural LLG,PG170205,Namatanai District,PG1702,New Ireland Province,PG17,Papua New Guinea,PG,"85",34241.702561,Namatanai Rural,Namatanai Rural LLG,Namatanai District,New Ireland
2.12913195974,0.19032601902,Namea Rural LLG,PG150308,Telefomin District,PG1503,West Sepik (Sandaun) Province,PG15,Papua New Guinea,PG,"32",20330.000001,Namea Rural,Namea Rural LLG,Telefomin District,West Sepik (Sandaun)
1.00288428963,0.04390762627,Nanima Kariba LLG,PG120734,Menyamya District,PG1207,Morobe Province,PG12,Papua New Guinea,PG,"45",35017.135407,Nanima Kariba,Nanima Kariba LLG,Menyamya District,Morobe
1.34616551538,0.02193759623,National Capital District,PG040101,National Capital District,PG0401,National Capital District,PG04,Papua New Guinea,PG,"485",513917.999999,,,,
1.04834704324,0.05369243822,Nayudo Rural LLG,PG130418,Rai Coast District,PG1304,Madang Province,PG13,Papua New Guinea,PG,"29",19097.400601,Nayudo Rural,Nayudo Rural LLG,Rai Coast District,Madang
1.41006332537,0.08171290230,Nebilyer Rural LLG,PG090713,Tambul/Nebilyer District,PG0907,Western Highlands Province,PG09,Papua New Guinea,PG,"69",51196.999999,Nebilyer Rural,Nebilyer Rural LLG,Tambul/Nebilyer District,Western Highlands
0.44804517046,0.01141911652,Nembi Plateau Rural LLG,PG070724,Nipa/Kutubu District,PG0707,Southern Highlands Province,PG07,Papua New Guinea,PG,"21",95221.000000,Nembi Plateau Rural,Nembi Plateau Rural LLG,Nipa/Kutubu District,Southern Highlands
0.44695738120,0.00767894528,Niglkande Rural LLG,PG100515,Kundiawa/Gembogl District,PG1005,Chimbu (Simbu) Province,PG10,Papua New Guinea,PG,"58",26319.000000,Niglkande Rural,Niglkande Rural LLG,Kundiawa/Gembogl District,Chimbu (Simbu)
1.64219481658,0.00266506415,Nigoherm LLG,PG160102,Manus District,PG1601,Manus Province,PG16,Papua New Guinea,PG,"9",5379.000000,Nigoherm,Nigoherm LLG,Manus District,Manus
0.95758990322,0.01780221730,Nimamar Rural LLG,PG170209,Namatanai District,PG1702,New Ireland Province,PG17,Papua New Guinea,PG,"50",30688.000000,Nimamar Rural,Nimamar Rural LLG,Namatanai District,New Ireland
2.14402305795,0.19225341260,Ningerum Rural LLG,PG010208,North Fly District,PG0102,Western Province,PG01,Papua New Guinea,PG,"85",26058.000001,Ningerum Rural LLG,Ningerum Rural LLG,North Fly District,Western
1.11800277285,0.03978350236,Nipa Rural LLG,PG070725,Nipa/Kutubu District,PG0707,Southern Highlands Province,PG07,Papua New Guinea,PG,"243",117302.000001,Nipa Rural,Nipa Rural LLG,Nipa/Kutubu District,Southern Highlands
1.01485283839,0.00302669318,Nissan LLG,PG200105,North Bougainville District,PG2001,Autonomous Region of Bougainville,PG20,Papua New Guinea,PG,"30",8426.000000,Nissan,Nissan LLG,North Bougainville District,Bougainville
10.22825589710,1.74704271323,Nomad Rural LLG,PG010105,Middle Fly District,PG0101,Western Province,PG01,Papua New Guinea,PG,"82",23076.000000,Nomad Rural LLG,Nomad Rural LLG,Middle Fly District,Western
0.70541793736,0.02205511862,Nomane Rural LLG,PG100308,Karimui/Nomane District,PG1003,Chimbu (Simbu) Province,PG10,Papua New Guinea,PG,"46",9443.000000,Nomane Rural,Nomane Rural LLG,Karimui/Nomane District,Chimbu (Simbu)
0.53428546747,0.01252479371,Nondugl Rural LLG,PG220615,North Waghi District,PG2206,Jiwaka Province,PG22,Papua New Guinea,PG,"101",48865.940697,Nondugl Rural,Nondugl Rural LLG,North Waghi District,Jiwaka
1.85175646215,0.15106876045,North Koroba Rural LLG,PG210516,Koroba/Kopiago District,PG2105,Hela Province,PG21,Papua New Guinea,PG,"85",40224.000000,North Koroba Rural,North Koroba Rural LLG,Koroba/Kopiago District,Hela
0.74639700307,0.02587624718,North Waghi Rural LLG,PG220611,North Waghi District,PG2206,Jiwaka Province,PG22,Papua New Guinea,PG,"171",89238.059302,North Waghi Rural,North Waghi Rural LLG,North Waghi District,Jiwaka
1.19873973966,0.03573851805,North Wosera Rural LLG,PG140521,Wosera Gawi District,PG1405,East Sepik Province,PG14,Papua New Guinea,PG,"37",27276.999999,North Wosera Rural,North Wosera Rural LLG,Wosera Gawi District,East Sepik
0.74494102486,0.02071123359,Numbor Rural LLG,PG140624,Yangoru Saussia District,PG1406,East Sepik Province,PG14,Papua New Guinea,PG,"48",17112.000000,Numbor Rural,Numbor Rural LLG,Yangoru Saussia District,East Sepik
2.39769407185,0.28513781907,Oksapmin Rural LLG,PG150309,Telefomin District,PG1503,West Sepik (Sandaun) Province,PG15,Papua New Guinea,PG,"25",31631.000000,Oksapmin Rural,Oksapmin Rural LLG,Telefomin District,West Sepik (Sandaun)
3.03683560162,0.29696527435,Olsobip Rural LLG,PG010209,North Fly District,PG0102,Western Province,PG01,Papua New Guinea,PG,"34",6720.000000,Olsobip Rural LLG,Olsobip Rural LLG,North Fly District,Western
1.77369143451,0.13976645537,Onga/Waffa Rural LLG,PG120617,Markham District,PG1206,Morobe Province,PG12,Papua New Guinea,PG,"41",15970.999999,Onga/Waffa Rural,Onga/Waffa Rural LLG,Markham District,Morobe
4.28801244692,0.51656117945,Oriomo-Bituri Rural LLG,PG010314,South Fly District,PG0103,Western Province,PG01,Papua New Guinea,PG,"66",15888.000000,Oriomo-Bituri Rural LLG,Oriomo-Bituri Rural LLG,South Fly District,Western
3.24325381796,0.13162487069,Oro Bay Rural LLG,PG060101,Ijivitari District,PG0601,Northern (Oro) Province,PG06,Papua New Guinea,PG,"128",41507.000001,Oro Bay Rural,Oro Bay Rural LLG,Popondentta District,Northern (Oro)
2.05117026355,0.15870645598,Paiela/Hewa Rural LLG,PG080308,Lagaip/Pogera District,PG0803,Enga Province,PG08,Papua New Guinea,PG,"26",13699.000000,Paiela/Hewa Rural,Paiela/Hewa Rural LLG,Pogera-Paiela District,Enga
1.40488321101,0.08227177268,Palmai Rural LLG,PG150206,Nuku District,PG1502,West Sepik (Sandaun) Province,PG15,Papua New Guinea,PG,"53",23184.000000,Palmai Rural,Palmai Rural LLG,Nuku District,West Sepik (Sandaun)
1.12231284256,0.04693870405,Pilikambi Rural LLG,PG080315,Lagaip/Pogera District,PG0803,Enga Province,PG08,Papua New Guinea,PG,"49",31417.668383,Pilikambi Rural,Pilikambi Rural LLG,Laigap District,Enga
1.85396382388,0.04543395816,Pobuma LLG,PG160110,Manus District,PG1601,Manus Province,PG16,Papua New Guinea,PG,"19",8102.000000,Pobuma,Pobuma LLG,Manus District,Manus
1.14218303521,0.03735660281,Pomutu/Kurti/Andra LLG,PG160104,Manus District,PG1601,Manus Province,PG16,Papua New Guinea,PG,"19",8205.000000,Pomutu/Kurti/Andra,Pomutu/Kurti/Andra LLG,Manus District,Manus
0.85452869513,0.03647769334,Popondetta Urban LLG,PG060104,Ijivitari District,PG0601,Northern (Oro) Province,PG06,Papua New Guinea,PG,"92",42363.000000,Popondetta Urban,Popondetta Urban LLG,Popondentta District,Northern (Oro)
1.16415518685,0.04381617548,Porgera Rural LLG,PG080309,Lagaip/Pogera District,PG0803,Enga Province,PG08,Papua New Guinea,PG,"42",81121.000000,Porgera Rural,Porgera Rural LLG,Pogera-Paiela District,Enga
0.92346968391,0.02525521438,Poroma Rural LLG,PG070726,Nipa/Kutubu District,PG0707,Southern Highlands Province,PG07,Papua New Guinea,PG,"246",94347.999999,Poroma Rural,Poroma Rural LLG,Nipa/Kutubu District,Southern Highlands
0.16900072041,0.00096224056,Rabaul Urban LLG,PG180417,Rabaul District,PG1804,East New Britain Province,PG18,Papua New Guinea,PG,"31",4960.000000,Rabaul Urban,Rabaul Urban LLG,Rabaul District,East New Britain
3.48173062834,0.17776089755,Rai Coast Rural LLG,PG130412,Rai Coast District,PG1304,Madang Province,PG13,Papua New Guinea,PG,"157",40048.599399,Rai Coast Rural,Rai Coast Rural LLG,Rai Coast District,Madang
0.25502644703,0.00328079019,Raluana Rural LLG,PG180209,Kokopo District,PG1802,East New Britain Province,PG18,Papua New Guinea,PG,"21",23654.999998,Raluana Rural,Raluana Rural LLG,Kokopo District,East New Britain
1.43038262441,0.01067428059,Rapatona LLG,PG160112,Manus District,PG1601,Manus Province,PG16,Papua New Guinea,PG,"18",4086.000000,Rapatona,Rapatona LLG,Manus District,Manus
1.52960923246,0.10316610866,Rigo Central Rural LLG,PG030411,Rigo District,PG0304,Central Province,PG03,Papua New Guinea,PG,"62",22402.000000,Rigo Central Rural,Rigo Central Rural LLG,Rigo District,Central
1.66355209767,0.04276210279,Rigo Coastal Rural LLG,PG030412,Rigo District,PG0304,Central Province,PG03,Papua New Guinea,PG,"30",26178.000000,Rigo Coastal Rural,Rigo Coastal Rural LLG,Rigo District,Central
2.51302633689,0.26721234205,Rigo Inland Rural LLG,PG030413,Rigo District,PG0304,Central Province,PG03,Papua New Guinea,PG,"138",24142.000000,Rigo Inland Rural,Rigo Inland Rural LLG,Rigo District,Central
4.67135986167,0.45449683250,Safia Rural LLG,PG060109,Ijivitari District,PG0601,Northern (Oro) Province,PG06,Papua New Guinea,PG,"56",9812.086050,Safia Rural,Safia Rural LLG,Ijivitari District,Northern (Oro)
2.43341436453,0.10268561877,Salamaua Rural LLG,PG120310,Huon District,PG1203,Morobe Province,PG12,Papua New Guinea,PG,"55",17756.000000,Salamaua Rural,Salamaua Rural LLG,Huon District,Morobe
0.62801997444,0.01714941827,Salt Rural LLG,PG100309,Karimui/Nomane District,PG1003,Chimbu (Simbu) Province,PG10,Papua New Guinea,PG,"56",19570.000000,Salt Rural,Salt Rural LLG,Karimui/Nomane District,Chimbu (Simbu)
1.66246387260,0.10894588249,Sausso Rural LLG,PG140625,Yangoru Saussia District,PG1406,East Sepik Province,PG14,Papua New Guinea,PG,"41",15734.000000,Sausso Rural,Sausso Rural LLG,Yangoru Saussia District,East Sepik
1.17131474053,0.03615508344,Selau/Suir LLG,PG200103,North Bougainville District,PG2001,Autonomous Region of Bougainville,PG20,Papua New Guinea,PG,"42",30930.999998,Selau/Suir,Selau/Suir LLG,North Bougainville District,Bougainville
0.84473969570,0.02503880085,Selepet Rural LLG,PG120435,Kabwum District,PG1204,Morobe Province,PG12,Papua New Guinea,PG,"27",15910.000000,Selepet Rural,Selepet Rural LLG,Kabwum District,Morobe
4.27019998372,0.14789969152,Sentral Niu Ailan Rural LLG,PG170206,Namatanai District,PG1702,New Ireland Province,PG17,Papua New Guinea,PG,"109",37894.999999,Sentral Niu Ailan Rural,Sentral Niu Ailan Rural LLG,Namatanai District,New Ireland
1.59686037879,0.07160242496,Sialum Rural LLG,PG120926,Tawae/Siassi District,PG1209,Morobe Province,PG12,Papua New Guinea,PG,"63",24595.000000,Sialum Rural,Sialum Rural LLG,Tawae/Siassi District,Morobe
0.68473392110,0.01655127273,Siane Rural LLG,PG100103,Chuave District,PG1001,Chimbu (Simbu) Province,PG10,Papua New Guinea,PG,"92",19564.096244,Siane Rural,Siane Rural LLG,Chuave District,Chimbu (Simbu)
2.06218288413,0.07881059051,Siassi Rural LLG,PG120927,Tawae/Siassi District,PG1209,Morobe Province,PG12,Papua New Guinea,PG,"44",10722.000000,Siassi Rural,Siassi Rural LLG,Tawae/Siassi District,Morobe
1.16249363540,0.04768093111,Simbai Rural LLG,PG130309,Middle Ramu District,PG1303,Madang Province,PG13,Papua New Guinea,PG,"27",32447.999999,Simbai Rural,Simbai Rural LLG,Middle Ramu District,Madang
2.12090263043,0.19861646366,Sinivit Rural LLG,PG180313,Pomio District,PG1803,East New Britain Province,PG18,Papua New Guinea,PG,"62",26661.999999,Sinivit Rural,Sinivit Rural LLG,Pomio District,East New Britain
1.17845844765,0.05981715948,Siwai LLG,PG200310,South Bougainville District,PG2003,Autonomous Region of Bougainville,PG20,Papua New Guinea,PG,"93",34249.000000,Siwai,Siwai LLG,South Bougainville District,Bougainville
0.63332640623,0.02072795504,South Koroba Rural LLG,PG210517,Koroba/Kopiago District,PG2105,Hela Province,PG21,Papua New Guinea,PG,"73",86423.000002,South Koroba Rural,South Koroba Rural LLG,Koroba/Kopiago District,Hela
2.06079559487,0.13942768584,South Waghi Rural LLG,PG220102,Anglimp/South Waghi District,PG2201,Jiwaka Province,PG22,Papua New Guinea,PG,"308",149869.000001,South Waghi Rural,South Waghi Rural LLG,Anglimp/South Waghi District,Jiwaka
1.27332211133,0.03743384704,South Wosera Rural LLG,PG140522,Wosera Gawi District,PG1405,East Sepik Province,PG14,Papua New Guinea,PG,"60",34606.000000,South Wosera Rural,South Wosera Rural LLG,Wosera Gawi District,East Sepik
1.66486423677,0.12903185039,Star Mountains Rural LLG,PG010210,North Fly District,PG0102,Western Province,PG01,Papua New Guinea,PG,"32",25153.999999,Star Mountains Rural LLG,Star Mountains Rural LLG,North Fly District,Western
0.53335337261,0.01267666067,Suai Rural LLG,PG100618,Sina Sina Yonggomugl District,PG1006,Chimbu (Simbu) Province,PG10,Papua New Guinea,PG,"77",24944.000001,Suai Rural,Suai Rural LLG,Sina Sina Yonggomugl District,Chimbu (Simbu)
5.18713647136,0.15104758634,Suau Rural LLG,PG050106,Alotau District,PG0501,Milne Bay Province,PG05,Papua New Guinea,PG,"36",27304.000001,Suau Rural,Suau Rural LLG,Alotau District,Milne Bay Province
1.88773317704,0.12240336456,Sumgilbar Rural LLG,PG130514,Sumkar District,PG1305,Madang Province,PG13,Papua New Guinea,PG,"124",54914.000000,Sumgilbar Rural,Sumgilbar Rural LLG,Sumkar District,Madang
0.34422523116,0.00660562236,Tabare Rural LLG,PG100617,Sina Sina Yonggomugl District,PG1006,Chimbu (Simbu) Province,PG10,Papua New Guinea,PG,"65",24732.000000,Tabare Rural,Tabare Rural LLG,Sina Sina Yonggomugl District,Chimbu (Simbu)
0.97276971432,0.04367356317,Tagali Rural LLG,PG210828,Tari/Pori District,PG2108,Hela Province,PG21,Papua New Guinea,PG,"24",46767.999999,Tagali Rural,Tagali Rural LLG,Tari/Pori District,Hela
3.27587290608,0.17747342577,Talasea Rural LLG,PG190211,Talasea District,PG1902,West New Britain Province,PG19,Papua New Guinea,PG,"50",33817.000001,Talasea Rural,Talasea Rural LLG,Talasea District,West New Britain
2.80770320502,0.35750264158,Tamata Rural LLG,PG060207,Sohe District,PG0602,Northern (Oro) Province,PG06,Papua New Guinea,PG,"92",24884.000000,Tamata Rural,Tamata Rural LLG,Sohe District,Northern (Oro)
1.29829992121,0.01421163110,Tanir Rural LLG,PG170208,Namatanai District,PG1702,New Ireland Province,PG17,Papua New Guinea,PG,"38",15271.000000,Tanir Rural,Tanir Rural LLG,Namatanai District,New Ireland
1.58198487143,0.12272158322,Tapini Rural LLG,PG030205,Goilala District,PG0302,Central Province,PG03,Papua New Guinea,PG,"69",19087.000000,Tapini Rural,Tapini Rural LLG,Goilala District,Central
0.17683156123,0.00181867225,Tari Urban LLG,PG210829,Tari/Pori District,PG2108,Hela Province,PG21,Papua New Guinea,PG,"16",94822.999998,Tari Urban,Tari Urban LLG,Tari/Pori District,Hela
0.70256299376,0.02188891167,Tebi Rural LLG,PG210830,Tari/Pori District,PG2108,Hela Province,PG21,Papua New Guinea,PG,"18",58303.999999,Tebi Rural,Tebi Rural LLG,Tari/Pori District,Hela
2.30070591240,0.31257616037,Telefomin Rural LLG,PG150310,Telefomin District,PG1503,West Sepik (Sandaun) Province,PG15,Papua New Guinea,PG,"70",18436.000000,Telefomin Rural,Telefomin Rural LLG,Telefomin District,West Sepik (Sandaun)
0.55916624410,0.01396677786,Tetidu LLG,PG160109,Manus District,PG1601,Manus Province,PG16,Papua New Guinea,PG,"13",3979.000000,Tetidu,Tetidu LLG,Manus District,Manus
6.01439354648,0.10665557727,Tikana Rural LLG,PG170103,Kavieng District,PG1701,New Ireland Province,PG17,Papua New Guinea,PG,"92",38546.000001,Tikana Rural,Tikana Rural LLG,Kavieng District,New Ireland
1.14122839477,0.05148158280,Tinputz LLG,PG200101,North Bougainville District,PG2001,Autonomous Region of Bougainville,PG20,Papua New Guinea,PG,"56",32581.000000,Tinputz,Tinputz LLG,North Bougainville District,Bougainville
2.03117248457,0.07929945823,Torokina LLG,PG200312,South Bougainville District,PG2003,Autonomous Region of Bougainville,PG20,Papua New Guinea,PG,"51",10253.000000,Torokina,Torokina LLG,South Bougainville District,Bougainville
2.44003781012,0.15048296030,Transgogol Rural LLG,PG130206,Madang District,PG1302,Madang Province,PG13,Papua New Guinea,PG,"85",30217.000000,Transgogol Rural,Transgogol Rural LLG,Madang District,Madang
0.92187383192,0.03826075273,Tsak Rural LLG,PG080514,Wapenamanda District,PG0805,Enga Province,PG08,Papua New Guinea,PG,"34",26494.000002,Tsak Rural,Tsak Rural LLG,Wapenamanda District,Enga
4.20183300775,0.20628083288,Tufi Rural LLG,PG060102,Ijivitari District,PG0601,Northern (Oro) Province,PG06,Papua New Guinea,PG,"108",26166.999999,Tufi Rural,Tufi Rural LLG,Ijivitari District,Northern (Oro)
5.52727600842,0.83188121693,Tunap/Hustein LLG,PG140104,Ambunti/Drekikier District,PG1401,East Sepik Province,PG14,Papua New Guinea,PG,"86",19184.000000,Tunap/Hustein,Tunap/Hustein LLG,Ambunti/Drekikier District,East Sepik
1.21464429446,0.06307018662,Turubu Rural LLG,PG140415,Wewak District,PG1404,East Sepik Province,PG14,Papua New Guinea,PG,"56",17991.000000,Turubu Rural LLG,Turubu Rural LLG,Wewak District,East Sepik
2.16382844287,0.13604857129,Umi/Atzera Rural LLG,PG120618,Markham District,PG1206,Morobe Province,PG12,Papua New Guinea,PG,"129",66894.000000,Umi/Atzera Rural,Umi/Atzera Rural LLG,Markham District,Morobe
1.08855568227,0.04779424325,Unavi Rural LLG,PG110507,Lufa District,PG1105,Eastern Highlands Province,PG11,Papua New Guinea,PG,"33",6847.000000,Unavi Rural,Unavi Rural LLG,Lufa District,Eastern Highlands
0.64003436203,0.02169635177,Unggai Rural LLG,PG110824,Unggai/Benna District,PG1108,Eastern Highlands Province,PG11,Papua New Guinea,PG,"115",33812.000001,Unggai  Rural,Unggai Rural LLG,Unggai/Benna District,Eastern Highlands
0.78978588892,0.02127413707,Upper Asaro Rural LLG,PG110113,Daulo District,PG1101,Eastern Highlands Province,PG11,Papua New Guinea,PG,"62",18334.953876,Upper Asaro Rural,Upper Asaro Rural LLG,Daulo District,Eastern Highlands
0.74207174120,0.03313254133,Upper Bena Rural LLG,PG110823,Unggai/Benna District,PG1108,Eastern Highlands Province,PG11,Papua New Guinea,PG,"157",37411.041493,Upper Bena Rural,Upper Bena Rural LLG,Unggai/Benna District,Eastern Highlands
0.87553750053,0.04485532329,Upper Mendi Rural LLG,PG070621,Mendi/Munihu District,PG0706,Southern Highlands Province,PG07,Papua New Guinea,PG,"27",57299.000000,Upper Mendi Rural,Upper Mendi Rural LLG,Mendi/Munihu District,Southern Highlands
0.95042518540,0.05478877769,Upper Wage LLG,PG210431,Komo/Magarima District,PG2104,Hela Province,PG21,Papua New Guinea,PG,"88",35841.349571,Upper Wage,Upper Wage LLG,Komo/Magarima District,Hela
0.85896521673,0.01848965721,Upper/Lower Koronigl LLG,PG100411,Kerowagi District,PG1004,Chimbu (Simbu) Province,PG10,Papua New Guinea,PG,"89",54701.795359,Upper/Lower Koronigl,Upper/Lower Koronigl LLG,Kerowagi District,Chimbu (Simbu)
3.92697104698,0.23100835527,Usino Rural LLG,PG130616,Usino Bundi District,PG1306,Madang Province,PG13,Papua New Guinea,PG,"117",74459.751645,Usino Rural,Usino Rural LLG,Usino Bundi District,Madang
0.19567048385,0.00084717479,Vanimo Urban LLG,PG150415,Vanimo/Green River District,PG1504,West Sepik (Sandaun) Province,PG15,Papua New Guinea,PG,"26",26495.000000,Vanimo Urban,Vanimo Urban LLG,Vanimo/Green River District,West Sepik (Sandaun)
0.56050557742,0.01345726422,Vunadidir/Toma Rural LLG,PG180105,Gazelle District,PG1801,East New Britain Province,PG18,Papua New Guinea,PG,"37",41836.000000,Vunadidir/Toma Rural,Vunadidir/Toma Rural LLG,Gazelle District,East New Britain
1.17271135920,0.03262542224,Wabag Rural LLG,PG080411,Wabag District,PG0804,Enga Province,PG08,Papua New Guinea,PG,"106",110279.000000,Wabag Rural,Wabag Rural LLG,Wabag District,Enga
0.08102259979,0.00009003579,Wabag Urban LLG,PG080410,Wabag District,PG0804,Enga Province,PG08,Papua New Guinea,PG,"13",7064.000000,Wabag Urban,Wabag Urban LLG,Wabag District,Enga
1.83418594759,0.09463596085,Wage Rural LLG,PG080102,Kandep District,PG0801,Enga Province,PG08,Papua New Guinea,PG,"116",47865.000000,Wage Rural,Wage Rural LLG,Kandep District,Enga
1.11176117945,0.07475715409,Wain-Erap Rural LLG,PG120825,Nawae District,PG1208,Morobe Province,PG12,Papua New Guinea,PG,"80",57188.000002,Wain-Erap Rural,Wain-Erap Rural LLG,Nawae District,Morobe
0.53390054139,0.00861341592,Waiye LLG,PG100516,Kundiawa/Gembogl District,PG1005,Chimbu (Simbu) Province,PG10,Papua New Guinea,PG,"77",62328.000000,Waiye,Waiye LLG,Kundiawa/Gembogl District,Chimbu (Simbu)
1.44676903622,0.09465052815,Wakunai LLG,PG200207,Central Bougainville District,PG2002,Autonomous Region of Bougainville,PG20,Papua New Guinea,PG,"84",61104.000002,Wakunai,Wakunai LLG,Central Bougainville District,Bougainville
1.98584682312,0.15993323230,Walsa Rural LLG,PG150416,Vanimo/Green River District,PG1504,West Sepik (Sandaun) Province,PG15,Papua New Guinea,PG,"40",12835.000000,Walsa Rural,Walsa Rural LLG,Vanimo/Green River District,West Sepik (Sandaun)
3.02363149262,0.21961382623,Wampar Rural LLG,PG120311,Huon District,PG1203,Morobe Province,PG12,Papua New Guinea,PG,"135",137823.999998,Wampar Rural,Wampar Rural LLG,Huon District,Morobe
1.54174728305,0.09099901499,Wantoat/Leron Rural LLG,PG120619,Markham District,PG1206,Morobe Province,PG12,Papua New Guinea,PG,"103",26895.000000,Wantoat/Leron Rural,Wantoat/Leron Rural LLG,Markham District,Morobe
1.13691647869,0.04457235742,Wapenamanda Rural LLG,PG080513,Wapenamanda District,PG0805,Enga Province,PG08,Papua New Guinea,PG,"74",52177.999999,Wapenamanda Rural,Wapenamanda Rural LLG,Wapenamanda District,Enga
1.48475331518,0.06002446737,Wapi-Yengis Rural LLG,PG080205,Kompiam District,PG0802,Enga Province,PG08,Papua New Guinea,PG,"21",7368.537280,Wapi-Yengis Rural,Wapi-Yengis Rural LLG,Kompiam District,Enga
1.27371420354,0.04858919010,Wapi Rural LLG,PG120722,Menyamya District,PG1207,Morobe Province,PG12,Papua New Guinea,PG,"49",33073.000000,Wapi Rural,Wapi Rural LLG,Menyamya District,Morobe
2.57077266993,0.25998176481,Waria Rural LLG,PG120102,Bulolo District,PG1201,Morobe Province,PG12,Papua New Guinea,PG,"60",17276.000000,Waria Rural,Waria Rural LLG,Wau-Waria District,Morobe
1.80195856352,0.06659891001,Wasu Rural LLG,PG120928,Tawae/Siassi District,PG1209,Morobe Province,PG12,Papua New Guinea,PG,"46",22735.000000,Wasu Rural,Wasu Rural LLG,Tawae/Siassi District,Morobe
0.56843473306,0.01373174695,Watabung Rural LLG,PG110101,Daulo District,PG1101,Eastern Highlands Province,PG11,Papua New Guinea,PG,"75",17256.830603,Watabung Rural,Watabung Rural LLG,Daulo District,Eastern Highlands
0.12889883976,0.00107238027,Watom Island Rual LLG,PG180418,Rabaul District,PG1804,East New Britain Province,PG18,Papua New Guinea,PG,"7",3682.000000,Watom Island Rual,Watom Island Rual LLG,Rabaul District,East New Britain
2.02897129079,0.11119575483,Watut Rural LLG,PG120103,Bulolo District,PG1201,Morobe Province,PG12,Papua New Guinea,PG,"58",37930.999999,Watut Rural,Watut Rural LLG,Bulolo District,Morobe
2.73083262203,0.19225773558,Wau Rural LLG,PG120105,Bulolo District,PG1201,Morobe Province,PG12,Papua New Guinea,PG,"121",48596.999999,Wau Rural,Wau Rural LLG,Wau-Waria District,Morobe
0.29789351098,0.00145920376,Wau/Bulolo Urban LLG,PG120104,Bulolo District,PG1201,Morobe Province,PG12,Papua New Guinea,PG,"45",21028.000000,Wau/Bulolo Urban,Wau/Bulolo Urban LLG,Bulolo District,Morobe
2.12599669585,0.13328006953,Weraura Rural LLG,PG050103,Alotau District,PG0501,Milne Bay Province,PG05,Papua New Guinea,PG,"63",20834.000000,Weraura Rural,Weraura Rural LLG,Alotau District,Milne Bay Province
2.08852947479,0.15562816835,West Aitape Rural LLG,PG150103,Aitape/Lumi District,PG1501,West Sepik (Sandaun) Province,PG15,Papua New Guinea,PG,"31",28689.000000,West Aitape Rural,West Aitape Rural LLG,Aitape/Lumi District,West Sepik (Sandaun)
1.36177909167,0.06090800312,West Ferguson Rural LLG,PG050414,Esa'ala District,PG0504,Milne Bay Province,PG05,Papua New Guinea,PG,"26",38891.000000,West Ferguson Rural,West Ferguson Rural LLG,Esa'ala District,Milne Bay Province
15.48103542950,0.90388774096,West Kikori Rural LLG,PG020210,Kikori District,PG0202,Gulf Province,PG02,Papua New Guinea,PG,"43",15699.000000,West Kikori Rural,West Kikori Rural LLG,Kikori District,Gulf Province
1.79205441860,0.06918057448,West Okapa Rural LLG,PG110722,Okapa District,PG1107,Eastern Highlands Province,PG11,Papua New Guinea,PG,"95",19192.073700,West Okapa Rural,West Okapa Rural LLG,Okapa District,Eastern Highlands
2.19883913440,0.14158398140,West Pomio/Mamusi Rural LLG,PG180314,Pomio District,PG1803,East New Britain Province,PG18,Papua New Guinea,PG,"85",17578.000000,West Pomio/Mamusi Rural,West Pomio/Mamusi Rural LLG,Pomio District,East New Britain
1.35043697751,0.07744559450,West Wapei Rural LLG,PG150104,Aitape/Lumi District,PG1501,West Sepik (Sandaun) Province,PG15,Papua New Guinea,PG,"56",17253.000000,West Wapei Rural,West Wapei Rural LLG,Aitape/Lumi District,West Sepik (Sandaun)
0.56342315057,0.01783840069,West Yangoru Rural LLG,PG140626,Yangoru Saussia District,PG1406,East Sepik Province,PG14,Papua New Guinea,PG,"41",21996.000001,West Yangoru Rural,West Yangoru Rural LLG,Yangoru Saussia District,East Sepik
1.48561577938,0.01301772540,Wewak Islands Rural LLG,PG140416,Wewak District,PG1404,East Sepik Province,PG14,Papua New Guinea,PG,"59",13823.000000,Wewak Islands Rural,Wewak Islands Rural LLG,Wewak District,East Sepik
1.02233448402,0.03195416572,Wewak Rural LLG,PG140417,Wewak District,PG1404,East Sepik Province,PG14,Papua New Guinea,PG,"51",26922.000001,Wewak Rural LLG,Wewak Rural LLG,Wewak District,East Sepik
0.31213628622,0.00157542221,Wewak Urban LLG,PG140418,Wewak District,PG1404,East Sepik Province,PG14,Papua New Guinea,PG,"74",52094.000000,Wewak Urban,Wewak Urban LLG,Wewak District,East Sepik
1.90080809632,0.07711001710,Wiru Rural LLG,PG070104,Ialibu/Pangia District,PG0701,Southern Highlands Province,PG07,Papua New Guinea,PG,"134",36876.000000,Wiru Rural,Wiru Rural LLG,Ialibu/Pangia District,Southern Highlands
2.32015486608,0.28123364928,Woitape Rural LLG,PG030206,Goilala District,PG0302,Central Province,PG03,Papua New Guinea,PG,"62",32037.000001,Woitape Rural,Woitape Rural LLG,Goilala District,Central
1.25648604651,0.05689956826,Yabim Mape Rural LLG,PG120208,Finschafen District,PG1202,Morobe Province,PG12,Papua New Guinea,PG,"57",21074.810073,Yabim Mape Rural,Yabim Mape Rural LLG,Finschafen District,Morobe
0.78678963526,0.02291037158,Yagaria Rural LLG,PG110521,Lufa District,PG1105,Eastern Highlands Province,PG11,Papua New Guinea,PG,"84",30562.774441,Yagaria Rural,Yagaria Rural LLG,Lufa District,Eastern Highlands
5.15400831114,0.10344416741,Yaleyemba Rural LLG,PG050210,Samarai-Murua District,PG0502,Milne Bay Province,PG05,Papua New Guinea,PG,"75",101016.000002,Yaleyemba Rural,Yaleyemba Rural LLG,Samarai-Murua District,Milne Bay Province
0.89905060084,0.02738265987,Yamil/Tamaui Rural LLG,PG140313,Maprik District,PG1403,East Sepik Province,PG14,Papua New Guinea,PG,"38",25671.000001,Yamil/Tamaui Rural,Yamil/Tamaui Rural LLG,Maprik District,East Sepik
1.12934242256,0.06142673984,Yangkok Rural LLG,PG150207,Nuku District,PG1502,West Sepik (Sandaun) Province,PG15,Papua New Guinea,PG,"57",30146.000001,Yangkok Rural,Yangkok Rural LLG,Nuku District,West Sepik (Sandaun)
2.71106314019,0.33739566547,Yapsie Rural LLG,PG150311,Telefomin District,PG1503,West Sepik (Sandaun) Province,PG15,Papua New Guinea,PG,"42",8664.000000,Yapsie Rural,Yapsie Rural LLG,Telefomin District,West Sepik (Sandaun)
2.19310308507,0.18227400663,Yawar Rural LLG,PG130103,Bogia District,PG1301,Madang Province,PG13,Papua New Guinea,PG,"125",65892.000000,Yawar Rural,Yawar Rural LLG,Bogia District,Madang
1.88305264181,0.17352430730,Yelia Rural LLG,PG110609,Obura/Wonenara District,PG1106,Eastern Highlands Province,PG11,Papua New Guinea,PG,"126",10574.000000,Yelia Rural,Yelia Rural LLG,Obura/Wonenara District,Eastern Highlands
0.39131625998,0.00716478985,Yonggomugl Rural LLG,PG100619,Sina Sina Yonggomugl District,PG1006,Chimbu (Simbu) Province,PG10,Papua New Guinea,PG,"58",33759.000000,Yonggomugl Rural,Yonggomugl Rural LLG,Sina Sina Yonggomugl District,Chimbu (Simbu)
2.17068832168,0.19047252712,Yuat Rural LLG,PG140209,Angoram District,PG1402,East Sepik Province,PG14,Papua New Guinea,PG,"35",18186.999999,Yuat Rural,Yuat Rural LLG,Angoram District,East Sepik
1.31775636448,0.10595550856,Yus Rural LLG,PG120414,Kabwum District,PG1204,Morobe Province,PG12,Papua New Guinea,PG,"37",16490.000000,Yus Rural,Yus Rural LLG,Kabwum District,Morobe
